Year,Month,Date,nGroups,PopulationSize,MeanGroupSize,l95GroupSize,u95GroupSize,IndDensity_KDE,l95IndDensity_KDE,u95IndDensity_KDE,GroupDensity_KDE,l95GroupDensity_KDE,u95GroupDensity_KDE
1998,4,01/04/1998,7,82.53900742,11.79128677,7.978532777,15.98841108,NA,NA,NA,NA,NA,NA
1998,5,01/05/1998,7,89.22154893,12.74593556,8.011863312,17.39443436,NA,NA,NA,NA,NA,NA
1998,6,01/06/1998,7,90.7292206,12.96131723,8.517974695,17.20681991,NA,NA,NA,NA,NA,NA
1998,7,01/07/1998,7,90.57036768,12.93862395,9.307182796,16.31915702,NA,NA,NA,NA,NA,NA
1998,8,01/08/1998,8,98.28799139,12.28599892,8.56643768,15.87529692,NA,NA,NA,NA,NA,NA
1998,9,01/09/1998,8,98.86783908,12.35847989,9.070690974,15.71470236,NA,NA,NA,NA,NA,NA
1998,10,01/10/1998,8,92.36229955,11.54528744,8.074967162,15.06344405,NA,NA,NA,NA,NA,NA
1998,11,01/11/1998,8,74.66231904,9.33278988,6.500242718,12.21039604,NA,NA,NA,NA,NA,NA
1998,12,01/12/1998,8,72.91616357,9.114520446,6.429079249,11.80362575,NA,NA,NA,NA,NA,NA
1999,1,01/01/1999,8,77.96376814,9.745471017,7.772778056,12.24457101,NA,NA,NA,NA,NA,NA
1999,2,01/02/1999,9,99.27319147,11.03035461,8.252950823,14.38501457,NA,NA,NA,NA,NA,NA
1999,3,01/03/1999,9,101.0065901,11.22295445,8.4773089,14.33142368,NA,NA,NA,NA,NA,NA
1999,4,01/04/1999,9,104.4185024,11.60205582,9.321499101,14.21998344,NA,NA,NA,NA,NA,NA
1999,5,01/05/1999,9,130.2605517,14.47339463,11.54985252,17.81721622,NA,NA,NA,NA,NA,NA
1999,6,01/06/1999,10,140.8239775,14.08239775,11.0988175,17.13117525,NA,NA,NA,NA,NA,NA
1999,7,01/07/1999,10,138.4809373,13.84809373,11.07166316,16.72850457,NA,NA,NA,NA,NA,NA
1999,8,01/08/1999,10,132.0979015,13.20979015,10.10247325,16.50847005,NA,NA,NA,NA,NA,NA
1999,9,01/09/1999,10,122.348906,12.2348906,9.47660008,15.27545485,NA,NA,NA,NA,NA,NA
1999,10,01/10/1999,10,117.2779982,11.72779982,9.225603317,14.3319527,NA,NA,NA,NA,NA,NA
1999,11,01/11/1999,10,105.0128158,10.50128158,8.273717505,12.9968946,NA,NA,NA,NA,NA,NA
1999,12,01/12/1999,8,96.49093677,12.0613671,10.0461541,14.63509614,NA,NA,NA,NA,NA,NA
2000,1,01/01/2000,8,95.14107796,11.89263475,9.849078745,14.2762667,NA,NA,NA,NA,NA,NA
2000,2,01/02/2000,9,115.2458657,12.80509618,10.13611519,15.26789594,NA,NA,NA,NA,NA,NA
2000,3,01/03/2000,9,128.7584083,14.30648981,11.37227425,17.7457655,NA,NA,NA,NA,NA,NA
2000,4,01/04/2000,9,134.3534538,14.92816153,11.85132528,18.00999716,NA,NA,NA,NA,NA,NA
2000,5,01/05/2000,9,158.6944339,17.63271488,15.15784235,19.97220015,NA,NA,NA,NA,NA,NA
2000,6,01/06/2000,9,162.0030216,18.00033573,15.19675335,20.67739957,NA,NA,NA,NA,NA,NA
2000,7,01/07/2000,9,172.0584679,19.11760754,16.10105902,21.89495893,NA,NA,NA,NA,NA,NA
2000,8,01/08/2000,9,172.7695116,19.1966124,16.29014815,21.84942655,NA,NA,NA,NA,NA,NA
2000,9,01/09/2000,9,168.223505,18.69150055,15.59434703,21.39489416,NA,NA,NA,NA,NA,NA
2000,10,01/10/2000,9,161.7590779,17.97323088,15.02668817,20.57456912,NA,NA,NA,NA,NA,NA
2000,11,01/11/2000,9,156.7390409,17.41544899,15.05189597,19.82167479,NA,NA,NA,NA,NA,NA
2000,12,01/12/2000,9,166.9489947,18.5498883,15.77318281,21.27666278,NA,NA,NA,NA,NA,NA
2001,1,01/01/2001,9,187.8146658,20.86829621,18.60454114,23.05196901,NA,NA,NA,NA,NA,NA
2001,2,01/02/2001,9,193.7677702,21.52975225,19.14486733,23.70393972,NA,NA,NA,NA,NA,NA
2001,3,01/03/2001,9,210.2298219,23.3588691,20.65894819,26.4519595,NA,NA,NA,NA,NA,NA
2001,4,01/04/2001,9,212.9351555,23.65946172,20.8455342,26.75525115,NA,NA,NA,NA,NA,NA
2001,5,01/05/2001,9,220.7886965,24.53207739,21.95300666,27.30526459,NA,NA,NA,NA,NA,NA
2001,6,01/06/2001,9,228.4102839,25.37892043,21.59245974,28.74164045,NA,NA,NA,NA,NA,NA
2001,7,01/07/2001,9,224.1645145,24.90716828,20.68580743,29.17642683,NA,NA,NA,NA,NA,NA
2001,8,01/08/2001,9,195.5897606,21.73219562,16.8959214,26.48286404,NA,NA,NA,NA,NA,NA
2001,9,01/09/2001,10,211.4919305,21.14919305,17.53916393,24.96604751,NA,NA,NA,NA,NA,NA
2001,10,01/10/2001,10,201.9132323,20.19132323,16.82752019,24.21882916,NA,NA,NA,NA,NA,NA
2001,11,01/11/2001,10,164.0986981,16.40986981,13.60843267,20.38872396,NA,NA,NA,NA,NA,NA
2001,12,01/12/2001,10,137.9545274,13.79545274,11.0347786,17.11191446,NA,NA,NA,NA,NA,NA
2002,1,01/01/2002,10,159.5996195,15.95996195,12.52604139,20.1357426,NA,NA,NA,NA,NA,NA
2002,2,01/02/2002,10,179.5437224,17.95437224,13.32913479,22.87127552,NA,NA,NA,NA,NA,NA
2002,3,01/03/2002,12,219.6597403,18.30497836,13.96583448,23.21945769,NA,NA,NA,NA,NA,NA
2002,4,01/04/2002,12,228.0094774,19.00078978,14.41783812,23.56166606,NA,NA,NA,NA,NA,NA
2002,5,01/05/2002,12,231.0002838,19.25002365,14.48894589,23.69656651,NA,NA,NA,NA,NA,NA
2002,6,01/06/2002,11,229.3361115,20.84873741,15.66745086,26.25787906,NA,NA,NA,NA,NA,NA
2002,7,01/07/2002,11,241.8588557,21.9871687,16.84564282,27.74164089,NA,NA,NA,NA,NA,NA
2002,8,01/08/2002,7,145.8321413,20.83316304,13.13623715,30.56867263,9.600155504,7.773621588,9.4585715,0.460811231,0.410305802,0.447504077
2002,9,01/09/2002,8,169.9583721,21.24479651,14.10639881,29.4057403,13.1012151,11.82138027,13.46893587,0.616678776,0.566514753,0.64935608
2002,10,01/10/2002,9,176.1132684,19.56814094,13.92134185,25.49363054,13.13615588,12.1526723,13.70327776,0.671303213,0.628933563,0.699677798
2002,11,01/11/2002,9,168.0242319,18.6693591,13.56791785,23.95741935,10.04956128,8.909085431,10.348804,0.538291712,0.501575829,0.542246539
2002,12,01/12/2002,10,163.3556691,16.33556691,12.3716522,20.56789093,9.799675777,8.775892587,10.27022339,0.599898114,0.566992686,0.617608245
2003,1,01/01/2003,10,174.7153351,17.47153351,13.47458021,21.49752156,9.982135109,9.023363765,10.52040195,0.57133709,0.542801613,0.580837378
2003,2,01/02/2003,10,174.949019,17.4949019,12.33796068,22.72979785,9.747176183,8.831861456,10.30122986,0.557143803,0.525158844,0.562664956
2003,3,01/03/2003,11,210.0764665,19.09786059,14.34094784,24.01943841,10.50632549,9.739215819,11.10158708,0.550131018,0.511772835,0.55436075
2003,4,01/04/2003,12,231.5917279,19.29931066,14.66026133,24.23234478,11.08929827,10.38959108,11.60873366,0.574595563,0.538337298,0.587264036
2003,5,01/05/2003,12,230.1322128,19.1776844,14.25948594,24.87460539,9.193289966,8.490868217,9.673547593,0.479374349,0.45033987,0.492793953
2003,6,01/06/2003,12,247.4045547,20.61704622,15.55544871,25.9410308,9.77249087,9.085155574,10.13971897,0.474000532,0.445664626,0.483818816
2003,7,01/07/2003,13,271.3740761,20.87492893,15.7554404,26.38323502,11.51939044,10.75734962,12.05696638,0.551828966,0.525329684,0.577500833
2003,8,01/08/2003,13,262.1826934,20.16789949,15.42689846,25.01706136,10.91026825,10.05568041,11.90686876,0.540971967,0.514060398,0.587540907
2003,9,01/09/2003,13,252.8700618,19.45154322,14.63158255,24.39052548,9.9725149,9.386254759,10.58797184,0.512685024,0.484809414,0.543672261
2003,10,01/10/2003,13,245.3048149,18.86960114,14.54052381,22.96611374,8.805871252,8.185190224,9.300580184,0.466669708,0.442144806,0.488878719
2003,11,01/11/2003,12,201.9436719,16.82863932,12.65845166,20.66314443,7.890328372,7.273597924,8.214462093,0.468863122,0.44588864,0.476054679
2003,12,01/12/2003,12,147.6755764,12.30629804,9.81549112,14.86427024,6.423641217,5.938171814,6.716770295,0.521979981,0.500163063,0.541400194
2004,1,01/01/2004,11,106.0023048,9.636573165,7.540426212,12.06380337,4.831831282,4.279085878,5.132394189,0.501405551,0.478755936,0.526943838
2004,2,01/02/2004,11,106.3820195,9.671092681,7.51676728,12.38829219,5.522482242,5.003103391,5.920471994,0.571029813,0.551978698,0.618930627
2004,3,01/03/2004,11,104.7660663,9.524187846,7.802633959,11.1433886,5.446472474,5.069815137,5.907339801,0.571856893,0.552639469,0.624206782
2004,4,01/04/2004,11,119.03105,10.82100455,8.269833788,13.41947108,6.592013786,6.093109175,6.995171474,0.60918686,0.588656128,0.638854755
2004,5,01/05/2004,11,128.8805319,11.71641199,9.722691609,13.9039855,6.396041477,6.105666759,6.707939621,0.545904453,0.525352125,0.57735767
2004,6,01/06/2004,11,151.6078678,13.78253343,11.54876242,16.01688739,7.426802935,7.105693165,7.696752136,0.538856152,0.515206099,0.566528316
2004,7,01/07/2004,11,166.3865177,15.12604706,12.04335177,18.11382285,7.432969635,6.973026991,7.597007481,0.49140199,0.467055722,0.512350122
2004,8,01/08/2004,11,170.1985057,15.47259143,12.96457087,18.13401656,7.120148407,6.628954936,7.385041975,0.460178144,0.438769458,0.485243249
2004,9,01/09/2004,11,170.0994635,15.46358759,12.89425402,18.55418448,7.10190868,6.612027852,7.366887692,0.45926656,0.441385428,0.476612332
2004,10,01/10/2004,11,160.9836462,14.63487693,12.05440066,17.70980829,6.922220735,6.423128574,7.21004192,0.472994803,0.439480192,0.487138367
2004,11,01/11/2004,11,157.120699,14.28369991,11.70243133,17.23626341,7.429738229,6.699249286,7.710620434,0.520155021,0.479310078,0.527468861
2004,12,01/12/2004,11,120.1221914,10.92019922,8.777509562,13.48328887,5.838725892,5.238037688,5.948725653,0.534672104,0.493525192,0.534838457
2005,1,01/01/2005,11,129.2919394,11.75381267,9.243801625,14.95699941,6.084251551,5.404979386,6.461398294,0.517640677,0.478080512,0.522861503
2005,2,01/02/2005,11,128.8855812,11.71687102,9.166505104,14.76687606,5.389873363,4.852924948,5.76179841,0.460009618,0.42150935,0.470516709
2005,3,01/03/2005,13,168.2855471,12.94504208,10.76238286,15.38595531,7.1197178,6.691445632,7.55302275,0.549995725,0.517432228,0.572073904
2005,4,01/04/2005,13,180.8195935,13.9091995,11.35325756,16.85198861,7.67624353,7.145709074,7.933522309,0.551882481,0.527207734,0.558233531
2005,5,01/05/2005,14,188.2894815,13.44924868,10.61495889,16.89900701,8.403480535,7.71516851,8.747623743,0.624828995,0.592629763,0.631139664
2005,6,01/06/2005,14,205.1083708,14.65059792,11.53891218,18.11492095,9.225424054,8.506211124,9.569278696,0.629696078,0.595076009,0.64566846
2005,7,01/07/2005,13,217.0798279,16.6984483,13.61316642,20.18351367,9.384083503,8.858250654,9.679065186,0.561973384,0.525811655,0.581142086
2005,8,01/08/2005,11,193.5995758,17.59996143,13.86708627,21.52044866,8.042512669,7.476333809,8.208549777,0.456961948,0.420752917,0.474148768
2005,9,01/09/2005,12,195.8445703,16.32038086,12.76786538,19.99816801,8.354440178,7.769846892,8.741995292,0.51190228,0.475800027,0.54205512
2005,10,01/10/2005,12,190.1059279,15.84216066,12.78515495,19.32729467,8.934581003,8.269781513,9.477141232,0.563974902,0.528460035,0.599564877
2005,11,01/11/2005,12,193.0348231,16.08623525,12.90865778,19.66186215,8.643549857,8.050161008,9.171382843,0.537325839,0.510610096,0.569644473
2005,12,01/12/2005,12,182.692576,15.22438133,12.36070975,18.64042201,7.783378426,7.09912354,8.06797113,0.511244316,0.489216552,0.527454445
2006,1,01/01/2006,12,193.5886727,16.13238939,12.71186414,20.19889325,8.690776358,7.850123594,8.915145118,0.538716005,0.513176675,0.557251702
2006,2,01/02/2006,14,212.6987416,15.19276725,12.43317436,18.26021613,9.42193006,8.713147894,9.730182251,0.620158915,0.59707222,0.636359296
2006,3,01/03/2006,14,205.2157486,14.65826775,11.54801515,18.31361558,9.291582707,8.64083022,9.79607091,0.633879996,0.604232596,0.656795799
2006,4,01/04/2006,13,176.788723,13.59913254,10.48398214,16.47486834,9.570190636,9.004432421,10.03081455,0.703735375,0.654471527,0.750197486
2006,5,01/05/2006,13,173.7029172,13.36176286,10.38738341,16.1237459,8.953952354,8.404717438,9.183324961,0.670117592,0.623788174,0.706856726
2006,6,01/06/2006,13,187.0137863,14.38567587,11.14425354,17.91361996,9.883782223,9.379700797,10.16829829,0.687057203,0.639041242,0.733303616
2006,7,01/07/2006,14,240.0427878,17.14591341,12.91116702,22.30101567,12.92002529,12.33755711,13.82212814,0.7535338,0.703757433,0.832089252
2006,8,01/08/2006,14,238.210683,17.01504878,13.40530753,22.06083151,13.40479046,12.29545379,15.04007671,0.78781969,0.742438074,0.904789432
2006,9,01/09/2006,13,219.9669564,16.9205351,12.70123133,21.72139913,12.00939512,10.80581168,13.49606449,0.709752679,0.661674867,0.826828793
2006,10,01/10/2006,13,214.4943671,16.4995667,12.25371214,21.04312623,11.70592741,10.36877674,13.28780323,0.709468777,0.65930896,0.83412814
2006,11,01/11/2006,13,209.4286365,16.10989512,12.15487678,20.75749651,10.57681712,9.63618033,11.29544456,0.65654165,0.611648168,0.728466135
2006,12,01/12/2006,14,226.5379094,16.18127924,12.11095053,20.13160856,10.17972946,9.705997111,10.57263704,0.629105357,0.590228362,0.676295802
2007,1,01/01/2007,14,240.0410884,17.14579203,13.46751644,21.14104759,9.944531297,9.619088454,10.38370011,0.579998362,0.545895348,0.626727033
2007,2,01/02/2007,14,233.3004575,16.66431839,12.96035726,20.64023482,9.22186679,8.840809318,9.59997265,0.553389978,0.51755494,0.599089803
2007,3,01/03/2007,14,225.9274062,16.13767187,12.45867783,20.40513551,9.740456859,8.930603086,10.40194754,0.603585011,0.566051696,0.667112147
2007,4,01/04/2007,14,219.064964,15.64749743,11.58631607,20.09583636,9.622487843,8.549969271,10.13308886,0.61495379,0.576191906,0.668191616
2007,5,01/05/2007,12,205.4132233,17.11776861,13.40824551,20.61390691,9.497119155,8.525963648,9.920760909,0.554810582,0.520852593,0.592564299
2007,6,01/06/2007,11,184.9844604,16.81676913,12.039196,21.41092882,9.551518903,8.559726586,10.13351887,0.56797586,0.531667009,0.617855274
2007,7,01/07/2007,12,191.0885388,15.9240449,11.53694466,20.97527572,11.48545344,10.35085411,11.98711133,0.721264824,0.670261276,0.768319097
2007,8,01/08/2007,11,178.0966722,16.19060656,11.77113886,21.09656559,10.47074126,9.338753272,11.23372345,0.646717046,0.598516129,0.702227693
2007,9,01/09/2007,12,181.8263865,15.15219887,11.23924091,19.46729742,9.029089902,7.941326348,9.945782763,0.595893044,0.554547061,0.671365697
2007,10,01/10/2007,12,176.7471466,14.72892888,11.26659496,18.94459415,7.0147189,6.13445801,7.561780048,0.476254516,0.440588871,0.524131527
2007,11,01/11/2007,9,121.419758,13.49108422,10.39101235,16.87409372,4.40217839,3.776874785,4.556649378,0.326302788,0.291788419,0.346913281
2007,12,01/12/2007,8,77.11088326,9.638860408,8.107006369,11.12334346,3.206876459,2.797436545,3.254685318,0.332702864,0.292734326,0.337170514
2008,1,01/01/2008,8,69.70448722,8.713060903,6.946061006,10.30854262,4.746474132,4.155835936,5.467720302,0.544753926,0.489583563,0.639142263
2008,2,01/02/2008,8,61.24952064,7.65619008,6.29593312,9.127379451,5.703226583,5.158176913,6.82591022,0.744917057,0.668904607,0.931085068
2008,3,01/03/2008,8,64.88978567,8.111223208,6.334321163,10.01240371,7.115764351,6.383803262,8.053698603,0.877273892,0.795591519,1.060876039
2008,4,01/04/2008,8,78.16992682,9.771240852,8.699324443,10.69200827,5.883010714,5.312553528,6.389231203,0.602074066,0.54273114,0.658433278
2008,5,01/05/2008,10,103.8202494,10.38202494,8.784247156,11.78268822,7.272283928,6.729530809,8.062476067,0.70046874,0.649240589,0.77965177
2008,6,01/06/2008,10,109.5854941,10.95854941,9.330730928,12.38876515,8.748196506,8.079135056,10.1735724,0.798298769,0.739395563,0.929346417
2008,7,01/07/2008,10,110.6802256,11.06802256,9.988624745,12.09430484,9.364254286,8.532139203,11.43483462,0.846063896,0.778655214,1.03058948
2008,8,01/08/2008,12,114.169235,9.514102919,8.037425096,11.22978245,9.420529778,8.709109937,11.2495864,0.990164796,0.934669403,1.188606135
2008,9,01/09/2008,11,103.3120058,9.392000527,7.914680985,10.97281901,8.63421715,7.961304417,9.740882941,0.919316085,0.867553703,1.046049065
2008,10,01/10/2008,11,106.0760989,9.643281721,8.358289787,11.20965551,7.872320285,7.302368692,8.64535116,0.816352826,0.772956146,0.904382912
2008,11,01/11/2008,11,105.8365425,9.621503867,8.45963267,10.99270615,7.203612099,6.613783802,7.580313346,0.748699184,0.705642252,0.792058428
2008,12,01/12/2008,12,129.7131405,10.80942837,8.991792549,12.50852032,7.394093951,6.987537884,7.829024993,0.684041163,0.649626688,0.724797409
2009,1,01/01/2009,13,153.4194037,11.80149259,10.02382831,13.7762697,9.334456377,8.951435194,9.917052829,0.790955576,0.756348519,0.836548854
2009,2,01/02/2009,13,164.8967128,12.68436252,11.09805121,14.58585711,9.243885827,8.789884901,9.875117322,0.728762349,0.699745849,0.768298993
2009,3,01/03/2009,14,192.8435421,13.77453872,11.5913983,15.9572988,10.02763742,9.626803003,10.60202865,0.727983537,0.701017792,0.761511015
2009,4,01/04/2009,14,195.7965883,13.98547059,12.0493253,15.76744888,10.12959009,9.765967889,10.56228812,0.724293832,0.699512805,0.752634923
2009,5,01/05/2009,13,195.7136933,15.05489948,12.77256593,17.17227729,10.37265158,9.916476264,10.77120757,0.688988431,0.662112796,0.709271398
2009,6,01/06/2009,13,206.2847707,15.86805929,13.41774313,18.36912509,12.01135913,11.51076161,12.70502912,0.756951994,0.728768984,0.787981305
2009,7,01/07/2009,13,212.0986151,16.31527809,13.80813068,18.82948832,12.34938789,11.57754742,12.99638969,0.756921692,0.725264973,0.7937296
2009,8,01/08/2009,12,199.4564457,16.62137048,13.80963082,19.49809562,10.86253866,10.12799907,11.7697494,0.653528461,0.619485817,0.709310544
2009,9,01/09/2009,12,189.2488181,15.77073484,13.0056104,18.8273165,9.904104861,9.164929263,10.78876675,0.628005287,0.595973579,0.687731372
2009,10,01/10/2009,12,179.8458349,14.98715291,12.16830782,18.10163438,9.442125876,8.873936565,10.45777534,0.630014649,0.595089387,0.704409042
2009,11,01/11/2009,12,171.2553176,14.27127646,11.45785553,17.12042919,9.140507986,8.611352777,10.06502359,0.640482862,0.60974968,0.708126461
2009,12,01/12/2009,12,166.0582507,13.83818756,11.27247476,16.88418827,9.021481941,8.534513198,10.16079668,0.651926555,0.621136495,0.73353886
2010,1,01/01/2010,12,182.0990108,15.17491757,12.92175688,17.89627756,9.276385066,8.780175849,9.808455698,0.611297229,0.580019081,0.642834414
2010,2,01/02/2010,12,190.4829806,15.87358171,13.13649795,18.95675413,9.33055793,8.798115024,10.21276878,0.587804196,0.551982758,0.637168732
2010,3,01/03/2010,12,187.6328365,15.63606971,13.11529865,18.46714266,9.617075466,8.969177861,10.54899496,0.615057086,0.573999161,0.670350383
2010,4,01/04/2010,12,225.8604083,18.82170069,15.28552049,22.241007,11.16204844,10.43874531,11.7311176,0.593041438,0.558827534,0.623257455
2010,5,01/05/2010,12,227.5409923,18.96174936,15.80928116,22.02279119,11.51911933,10.79436078,12.08049407,0.607492437,0.571836039,0.647172621
2010,6,01/06/2010,12,247.9496699,20.66247249,17.84638354,23.5384332,12.74274953,11.93612947,13.38103974,0.616709812,0.578958705,0.66016262
2010,7,01/07/2010,12,259.6997935,21.64164946,18.30181051,24.68834273,13.49702053,12.58944962,13.93307805,0.623659512,0.584857833,0.652726974
2010,8,01/08/2010,12,257.4655013,21.45545844,18.34201095,25.04168863,12.33707561,11.63219656,12.8324925,0.575008716,0.542099908,0.598770885
2010,9,01/09/2010,12,253.257785,21.10481542,18.14576354,24.08823813,10.80804776,10.28624033,11.25737325,0.512112878,0.485647267,0.533366415
2010,10,01/10/2010,12,247.7873053,20.64894211,17.46597303,23.599243,10.49783556,10.0145014,10.98237869,0.508395806,0.477314239,0.534646052
2010,11,01/11/2010,12,235.8302385,19.65251988,16.7135329,22.39898445,9.614551552,9.087793113,10.15364359,0.489227418,0.461197389,0.519573751
2010,12,01/12/2010,13,239.3544545,18.41188112,15.75295694,20.92779304,10.48735923,9.90347506,11.01626332,0.569597379,0.540919137,0.605163724
2011,1,01/01/2011,12,228.2118888,19.0176574,17.39721783,20.76421786,10.27809008,9.564012224,10.88688865,0.54044985,0.507990255,0.569200912
2011,2,01/02/2011,12,203.0686211,16.92238509,14.62602733,18.87969593,9.470179447,8.92618037,9.909634259,0.559624391,0.52821941,0.588688965
2011,3,01/03/2011,12,214.4179769,17.86816474,15.28777867,20.36794452,9.461602851,8.912145164,9.779193977,0.529522925,0.504542918,0.543232993
2011,4,01/04/2011,12,217.8148582,18.15123818,15.30159168,21.07943256,10.13631277,9.638316108,10.42165722,0.558436436,0.531311959,0.568926131
2011,5,01/05/2011,11,223.1238608,20.28398735,16.8696187,23.95018698,11.9180766,11.05531353,12.37672054,0.587560838,0.553449094,0.595454339
2011,6,01/06/2011,12,266.7680219,22.23066849,19.05819888,25.10718492,17.15990743,16.04300513,17.78724625,0.771902448,0.726954574,0.795412831
2011,7,01/07/2011,12,261.4025166,21.78354305,18.60206909,25.11959487,17.14637071,15.92512827,17.84451806,0.787124972,0.732915884,0.810754851
2011,8,01/08/2011,13,240.4544134,18.49649334,14.75135203,22.31424735,13.37693688,12.27797842,14.12501921,0.723214754,0.681435245,0.774486312
2011,9,01/09/2011,13,222.0526424,17.08097249,13.92474742,20.19408513,10.99266063,10.25335203,11.47253445,0.643561755,0.608618605,0.677214553
2011,10,01/10/2011,14,239.9116026,17.13654304,14.24868244,19.92402423,11.01917538,10.39612306,11.58310266,0.64302207,0.614684939,0.678234535
2011,11,01/11/2011,15,247.8328423,16.52218949,13.20137057,19.80815582,9.929293887,9.264545017,10.46026823,0.600967196,0.570911092,0.630662938
2011,12,01/12/2011,15,257.9303363,17.19535575,13.71936962,20.56897467,9.895155754,9.193374981,10.48127326,0.575455134,0.545891094,0.605913762
2012,1,01/01/2012,15,258.3780228,17.22520152,13.26129844,21.05704237,9.677609817,9.061216455,10.33822915,0.56182854,0.537323944,0.602059428
2012,2,01/02/2012,14,225.0208835,16.07292025,12.47962646,19.64658295,8.811441435,8.206890582,9.415578972,0.548216584,0.52314651,0.586026837
2012,3,01/03/2012,14,228.7629868,16.34021335,12.35072665,20.35468895,9.04399486,8.417150218,9.588814068,0.553480831,0.525930053,0.597516133
2012,4,01/04/2012,12,208.6800563,17.39000469,12.88684636,21.59499406,8.645549889,7.922592418,9.209883704,0.497156271,0.463628777,0.520514275
2012,5,01/05/2012,16,281.6731995,17.60457497,13.32962919,21.64017881,10.71880844,10.06754443,11.41660318,0.608864937,0.577984971,0.651108541
2012,6,01/06/2012,16,304.18132,19.0113325,14.49185019,23.31498259,11.54230362,10.93988826,12.30600034,0.607127545,0.57440232,0.674738752
2012,7,01/07/2012,16,295.5240982,18.47025614,13.67859524,23.32011882,10.86161789,10.25243206,11.65338184,0.588059949,0.556866933,0.660090241
2012,8,01/08/2012,17,284.3921148,16.72894793,11.59395746,21.64816122,11.1742275,10.49631268,12.09868446,0.667957575,0.633278315,0.741631586
2012,9,01/09/2012,16,234.083713,14.63023206,9.801376268,19.79153434,9.505372861,8.520857818,10.48752891,0.649707593,0.61357387,0.727104322
2012,10,01/10/2012,15,239.0082163,15.93388108,11.5480133,21.13625975,9.094240433,8.213723984,9.818016806,0.570748607,0.5366218,0.625420841
2012,11,01/11/2012,16,226.5365997,14.15853748,9.86604788,19.00365833,8.814999139,7.968751628,9.326720179,0.622592493,0.589798651,0.663107023
2012,12,01/12/2012,16,206.5200259,12.90750162,9.388942155,16.71185395,7.878910891,7.243034329,8.26913094,0.610413318,0.575387297,0.648763526
2013,1,01/01/2013,15,197.71898,13.18126533,9.655971852,16.91639716,6.76269779,6.361594516,7.029522164,0.513053764,0.482288287,0.538848597
2013,2,01/02/2013,14,196.4632376,14.0330884,10.07025566,18.34091241,5.852825208,5.403906782,6.07935034,0.417073209,0.389502561,0.437998919
2013,3,01/03/2013,15,205.9850114,13.73233409,10.44596072,17.6851484,5.639832089,5.292800738,5.883385544,0.410697268,0.385864359,0.431125924
2013,4,01/04/2013,15,196.5594763,13.10396509,9.979020083,16.71645447,5.498471002,5.207853203,5.734889425,0.419603606,0.393612071,0.444684791
2013,5,01/05/2013,15,183.6271244,12.24180829,9.493190596,15.11845085,5.211730435,4.953144354,5.459523069,0.425732074,0.398483907,0.458051077
2013,6,01/06/2013,14,178.8968713,12.77834795,9.880404057,15.81049616,5.852332782,5.410282398,6.186548894,0.457988216,0.43138086,0.497946307
2013,7,01/07/2013,14,176.6440707,12.61743362,9.554698583,15.81226448,5.369954495,4.944719395,5.676201976,0.425597998,0.403346593,0.464682793
2013,8,01/08/2013,14,168.8680128,12.06200091,9.383050508,14.85368666,4.981809294,4.652698535,5.14079325,0.413016823,0.388597956,0.441727786
2013,9,01/09/2013,14,130.6107386,9.329338472,7.504093034,11.56718963,3.87118785,3.506071626,3.998127498,0.414947733,0.392916028,0.436158755
2013,10,01/10/2013,12,114.0777851,9.506482095,7.597955471,11.73202827,3.513955775,3.190204601,3.609827016,0.369637868,0.345197243,0.377315053
2013,11,01/11/2013,13,116.4423018,8.957100142,6.956623541,11.30794961,4.19917311,3.720570146,4.387642493,0.468809441,0.445868624,0.477252023
2013,12,01/12/2013,12,80.08500304,6.673750253,5.25427173,7.856210204,3.003118723,2.760854053,3.192832239,0.449989677,0.426912687,0.453202987
2014,1,01/01/2014,14,96.3425469,6.881610493,5.522437918,8.351295354,3.682127055,3.451546928,3.862902123,0.535067636,0.514794842,0.549948431
2014,2,01/02/2014,14,104.2557363,7.446838309,6.21098304,8.718462173,4.416331228,4.279885021,4.576894876,0.59304782,0.567399698,0.618499395
2014,3,01/03/2014,15,104.8509719,6.990064792,5.801733481,8.178286416,4.414976401,4.184229164,4.654149093,0.631607364,0.59601976,0.673866351
2014,4,01/04/2014,15,120.40428,8.026951997,6.178756649,9.868052529,5.399578415,5.153543838,5.758651981,0.67268104,0.635619615,0.750700182
2014,5,01/05/2014,16,137.4649479,8.591559243,6.970127054,10.33315438,6.10999927,5.757200109,6.628394837,0.711163026,0.67543017,0.802897879
2014,6,01/06/2014,16,150.1904827,9.386905172,7.662066235,11.08807349,6.064458992,5.645040851,6.872628501,0.64605521,0.613679716,0.761603939
2014,7,01/07/2014,15,165.7354841,11.04903227,8.735666909,13.30820249,6.957759114,6.58555166,7.596790309,0.629716607,0.596779196,0.725312145
2014,8,01/08/2014,15,175.263355,11.68422367,9.447122496,13.78857297,7.691622284,7.342003393,8.164928488,0.658291257,0.625306098,0.71266856
2014,9,01/09/2014,15,167.4396833,11.16264555,9.154847539,13.2174205,6.248994806,6.017417215,6.550447848,0.559813064,0.53229779,0.6032054
2014,10,01/10/2014,15,170.2694547,11.35129698,9.233409932,13.71667944,5.490003272,5.205768477,5.577836076,0.483645462,0.462678869,0.504797197
2014,11,01/11/2014,16,178.1675053,11.13546908,9.297215601,13.10347776,5.540828161,5.311399085,5.764561845,0.497583723,0.477320921,0.516448171
2014,12,01/12/2014,15,157.3878474,10.49252316,8.664614592,12.39919404,4.648720686,4.415164119,4.785675819,0.443050791,0.422774631,0.454973333
2015,1,01/01/2015,15,154.0638567,10.27092378,8.130294971,12.51400519,4.457520541,4.154704227,4.644724079,0.433994121,0.411951624,0.449274601
2015,2,01/02/2015,14,157.8805948,11.27718534,8.82831049,13.67249735,4.110017486,3.78640171,4.338072606,0.364454193,0.343162075,0.377472915
2015,3,01/03/2015,14,172.3078904,12.30770646,10.21490384,14.54776807,4.451006362,4.124843669,4.602851102,0.361643851,0.339495691,0.379942417
2015,4,01/04/2015,14,179.2493366,12.80352404,10.62953779,15.0917297,4.312277473,3.981303039,4.631809103,0.33680395,0.314603568,0.371759267
2015,5,01/05/2015,14,180.7413736,12.91009811,10.8051781,15.18134028,4.099516545,3.787941826,4.435693301,0.317543407,0.296843858,0.354048011
2015,6,01/06/2015,14,187.7055347,13.40753819,10.87610966,15.73585166,4.727732665,4.393996616,4.968756585,0.352617505,0.334520798,0.370892549
2015,7,01/07/2015,14,186.046643,13.28904593,10.60436445,15.82478276,4.768228407,4.474574198,5.088450946,0.358808934,0.341248393,0.393747764
2015,8,01/08/2015,14,181.2809229,12.94863735,10.70820963,15.45935299,5.367430787,5.054201283,5.678732784,0.414517037,0.395591344,0.444992413
2015,9,01/09/2015,14,166.2114046,11.87224319,9.974340824,13.86171457,5.505289195,5.176947872,5.972792802,0.463710952,0.447669529,0.503075418
2015,10,01/10/2015,14,161.1237189,11.50883706,9.68185765,13.40171592,4.981150137,4.675021129,5.366846008,0.432810901,0.416375974,0.458657299
2015,11,01/11/2015,14,158.408116,11.31486543,9.514790962,12.99189537,4.685984648,4.417453773,4.950167011,0.41414409,0.396366025,0.432702121
2015,12,01/12/2015,14,167.9716174,11.99797267,9.84468884,13.82721258,4.510743065,4.210103466,4.809416234,0.375958771,0.359667096,0.395040751
2016,1,01/01/2016,13,152.0592581,11.696866,9.409467668,13.77811361,3.651261743,3.31664341,3.858515536,0.312157269,0.297327971,0.327192825
2016,2,01/02/2016,12,126.7387013,10.56155844,8.769105663,12.24545895,3.168637917,2.876029485,3.450461504,0.300016132,0.282463579,0.317476846
2016,3,01/03/2016,12,101.8335703,8.486130858,6.717191838,10.4844322,2.621570556,2.349131599,2.834258144,0.308924126,0.292200894,0.320340394
2016,4,01/04/2016,12,92.52850925,7.710709104,5.832647738,9.62196497,2.743091226,2.522673909,2.958376714,0.355750838,0.334750473,0.371276621
2016,5,01/05/2016,10,83.79319532,8.379319532,6.672557489,10.46355375,2.721903017,2.488699077,2.738999569,0.324835806,0.302616952,0.328761947
2016,6,01/06/2016,10,83.23820941,8.323820941,6.66448709,10.242018,4.105248974,3.835176218,4.262925789,0.49319285,0.46993879,0.50780466
2016,7,01/07/2016,10,71.94732843,7.194732843,5.876979373,8.674220167,3.56362024,3.263422042,4.263101663,0.495309599,0.456449855,0.582298522
2016,8,01/08/2016,9,63.18828444,7.020920494,4.976143821,9.024751801,3.493201561,3.044004834,4.108646947,0.49754182,0.46127521,0.543388054
2016,9,01/09/2016,9,62.00809432,6.889788258,5.027353976,8.690775616,3.380551992,2.893379808,3.828960872,0.490661232,0.456469208,0.542703956
2016,10,01/10/2016,9,57.47002196,6.385557995,4.425974401,8.478232419,2.556964523,2.167829819,2.899840523,0.400429301,0.369158966,0.457159123
2016,11,01/11/2016,10,70.59484546,7.059484546,4.701998147,9.211918957,2.549078498,2.258995556,2.72356132,0.36108564,0.333777388,0.408472303
2016,12,01/12/2016,12,83.31740123,6.94311677,4.555127821,9.446483669,2.815204117,2.543716643,3.270011321,0.405466912,0.380060107,0.48748891
2017,1,01/01/2017,11,84.35660642,7.668782402,5.176955361,9.989712869,2.698775375,2.351214941,3.308691792,0.351917062,0.326203517,0.441876394
2017,2,01/02/2017,12,83.68011312,6.97334276,4.782214015,9.371536569,3.412314916,3.004436594,4.046765549,0.489337042,0.460542113,0.573291255
2017,3,01/03/2017,11,82.91566521,7.537787746,5.244323695,10.42357904,4.135315301,3.617878247,4.539294601,0.548611269,0.518469432,0.610291541
2017,4,01/04/2017,10,90.58993795,9.058993795,6.106869674,12.43175041,5.696292053,4.978965784,6.175677538,0.628799642,0.587261158,0.681095462
2017,5,01/05/2017,11,103.2026252,9.382056835,6.586376762,12.34532059,6.417329018,5.838304616,7.101511129,0.684000228,0.629577286,0.769229654
2017,6,01/06/2017,9,104.8718078,11.65242308,8.161230741,15.62859112,6.19685221,5.239925247,6.96823497,0.531808034,0.494725116,0.595702963
2017,7,01/07/2017,8,101.9522916,12.74403645,8.916664213,17.08878651,5.825537429,4.782728795,6.356016262,0.457118704,0.421733709,0.491885704
2017,8,01/08/2017,8,107.973404,13.4966755,9.49987369,18.23461845,7.213815933,6.121390162,8.044846532,0.534488359,0.497080817,0.58264689
2017,9,01/09/2017,8,109.1965032,13.6495629,9.339146235,18.4818555,6.630411701,5.51166483,7.439518169,0.485760002,0.451917974,0.517980787
2017,10,01/10/2017,8,106.8847656,13.3605957,9.177147426,17.85333259,5.902511479,4.830421754,6.460810854,0.441785053,0.400499195,0.474109714
2017,11,01/11/2017,8,100.9849749,12.62312187,8.622516532,17.1352453,5.375269176,4.419977351,5.742458562,0.425827243,0.388244287,0.439261322
2017,12,01/12/2017,8,93.6863731,11.71079664,7.720639585,15.96715137,5.578592955,4.572936567,5.921003106,0.476363234,0.434833888,0.491474383
2018,1,01/01/2018,8,91.2631082,11.40788852,8.139078665,14.84216527,5.156402529,4.305277344,5.736519174,0.452003236,0.410410027,0.486627894
2018,2,01/02/2018,8,89.72410417,11.21551302,8.166177211,14.7847797,4.645947812,3.819080633,5.081759737,0.414243005,0.36939391,0.44167105
2018,3,01/03/2018,8,90.60576334,11.32572042,8.721384115,14.74396663,3.642942329,3.053222452,4.199667966,0.321652151,0.284243202,0.361945425
2018,4,01/04/2018,9,91.89679749,10.21075528,7.496490004,13.40027074,3.430597636,2.950676591,4.142044809,0.335978832,0.305140353,0.398904813
2018,5,01/05/2018,10,102.5333357,10.25333357,7.935611056,12.82080372,4.415269607,3.928303421,5.692900359,0.430617962,0.400207794,0.536996466
2018,6,01/06/2018,10,102.2979291,10.22979291,7.953918325,12.68518043,4.944550051,4.427396662,5.973379547,0.48334801,0.453091859,0.563960851
2018,7,01/07/2018,10,99.19617518,9.919617518,7.524189722,12.54947243,5.473697553,4.876431754,6.454517622,0.551805303,0.510088948,0.627938975
2018,8,01/08/2018,10,116.5524654,11.65524654,8.719893988,14.76948032,6.249380644,5.427874722,7.438864517,0.536186053,0.496193578,0.624002934
2018,9,01/09/2018,10,122.8642223,12.28642223,9.297793695,16.14381436,6.862001663,6.033191719,7.968945053,0.558502836,0.521513165,0.64315504
2018,10,01/10/2018,10,116.3895355,11.63895355,8.555923501,15.06115818,6.603509875,5.896884778,7.373448734,0.567362852,0.535016172,0.636748413
2018,11,01/11/2018,9,108.1905916,12.02117684,9.114090396,14.85206832,5.901677459,5.207599409,6.540569094,0.490940075,0.457385419,0.529694208
2018,12,01/12/2018,9,90.8357888,10.09286542,7.889849358,12.37150113,4.898180947,4.401199654,5.259329155,0.485311231,0.456854812,0.504998496
2019,1,01/01/2019,9,88.2920313,9.8102257,7.500832623,11.85217552,4.928659273,4.498331857,5.13779638,0.502400192,0.467922827,0.514505394
2019,2,01/02/2019,10,91.88416241,9.188416241,6.863058619,11.43476119,4.894081516,4.508231996,5.329623446,0.532636026,0.498635135,0.564021236
2019,3,01/03/2019,10,86.67874903,8.667874903,6.325205245,10.92522292,4.265840406,3.944931499,4.703492569,0.492143744,0.455807716,0.521544348
2019,4,01/04/2019,10,90.33341156,9.033341156,6.4105566,11.23808413,4.777875429,4.492871719,5.055038042,0.528915641,0.488676428,0.557759416
2019,5,01/05/2019,9,87.35078501,9.705642779,7.768714206,11.34315028,5.448878832,5.114778722,5.598601918,0.561413495,0.519178618,0.585552635
2019,6,01/06/2019,9,89.7646019,9.973844656,7.673773613,12.76184462,5.666252946,5.296473759,5.85075195,0.568111209,0.531984656,0.595372467
2019,7,01/07/2019,9,103.329976,11.48110845,8.347004071,14.81884007,5.963879262,5.510637172,6.456519166,0.519451522,0.49328931,0.562750612
2019,8,01/08/2019,9,112.9612453,12.55124947,9.66494544,15.45337812,5.760660809,5.349738793,6.286201556,0.458971102,0.436907043,0.497491872
2019,9,01/09/2019,8,110.2079658,13.77599572,11.3136167,16.08674347,5.114908004,4.768056758,5.59309344,0.371291347,0.349629515,0.402539009
2019,10,01/10/2019,8,109.2248402,13.65310502,11.309523,15.75207697,3.841749468,3.478173972,4.033453075,0.28138284,0.256538267,0.287665247
2019,11,01/11/2019,9,113.5780408,12.61978231,10.25077337,15.34729424,3.876630605,3.54947229,4.235506658,0.307186805,0.28223084,0.323341796
2019,12,01/12/2019,9,98.69466349,10.96607372,8.272400912,13.57279374,3.947798005,3.631516576,4.217389534,0.360001046,0.332528088,0.391282733
2020,1,01/01/2020,8,82.39534328,10.29941791,8.269991796,12.21553082,3.502996984,3.212972477,3.909263668,0.340116016,0.31625327,0.389176275
2020,2,01/02/2020,8,75.14555401,9.393194251,7.437524596,11.04878133,2.989248867,2.750916137,3.403002925,0.318235606,0.292936285,0.38270413
2020,3,01/03/2020,8,90.71668016,11.33958502,9.692442263,12.87274466,4.021871355,3.79326345,4.309634188,0.354675356,0.330059275,0.38717377
2020,4,01/04/2020,8,99.60462818,12.45057852,10.81765555,13.84464688,4.256554066,4.069738234,4.621116208,0.341876007,0.317802775,0.37587637
2020,5,01/05/2020,8,103.8532587,12.98165734,10.89130399,15.07480363,5.181263663,4.962414413,5.584675561,0.399121894,0.37083531,0.426926351
2020,6,01/06/2020,8,104.2859367,13.03574208,11.06986831,15.08819412,5.54297355,5.354099202,5.69054679,0.425213503,0.407387703,0.449692786
2020,7,01/07/2020,8,110.0080485,13.75100606,12.53337111,15.20024945,5.512967763,5.211067029,5.922018132,0.400913776,0.376845411,0.428339167
2020,8,01/08/2020,8,123.0234344,15.3779293,14.37481508,16.42476375,5.222235677,4.89088333,5.414992882,0.339592904,0.314943403,0.350511928
2020,9,01/09/2020,8,134.3822998,16.79778747,15.16766198,18.50180435,4.572386692,4.232801674,4.82633813,0.272201723,0.250481835,0.280467506
2020,10,01/10/2020,9,145.3507951,16.15008834,14.4726558,18.10233434,4.419753533,4.171959845,4.688162866,0.273667452,0.257235073,0.284354666
2020,11,01/11/2020,9,135.2308019,15.02564465,13.06610978,17.08440741,4.199435641,3.94524258,4.426033977,0.279484557,0.263669428,0.289982227
2020,12,01/12/2020,9,116.8863226,12.98736918,11.12002941,14.95234361,4.226949418,3.960966328,4.493974596,0.325466179,0.304341723,0.341011466
2021,1,01/01/2021,9,101.0509265,11.22788072,9.613355144,13.09921466,4.768212148,4.636828418,4.862817106,0.42467606,0.411008906,0.449379611
2021,2,01/02/2021,9,98.29203736,10.92133748,9.043019416,12.82669419,4.235890375,4.064616103,4.377515103,0.387854544,0.362095434,0.399728728
2021,3,01/03/2021,10,115.9544961,11.59544961,9.031664886,14.61560881,4.36419745,4.087318291,4.680673502,0.376371559,0.353882913,0.397931238
2021,4,01/04/2021,10,122.8418833,12.28418833,9.817056443,14.76760607,4.261950604,4.14244836,4.426692472,0.346946049,0.327122764,0.360860324
2021,5,01/05/2021,10,143.0621866,14.30621866,10.88239827,17.65442749,5.060939299,4.767065457,5.333421905,0.353758,0.33798435,0.374018057
2021,6,01/06/2021,10,157.358107,15.7358107,13.44617407,18.26926533,5.217728344,4.846922494,5.403482684,0.331583065,0.311968009,0.338680832
2021,7,01/07/2021,11,187.5130302,17.04663911,15.01241006,19.080608,7.391417942,6.9012604,7.973399792,0.43359972,0.40227756,0.4596266
2021,8,01/08/2021,11,180.2301635,16.38456032,14.19755785,18.54351528,7.055889988,6.614574515,7.64967681,0.43064262,0.401687331,0.460803818
2021,9,01/09/2021,12,184.5536463,15.37947053,12.71851285,17.93671899,7.240203645,6.778343637,7.844456011,0.47077067,0.444409566,0.514786678
2021,10,01/10/2021,12,183.9248696,15.32707247,12.48161318,17.83265468,6.667267917,6.226846392,6.924850698,0.434999438,0.413971111,0.455558635
2021,11,01/11/2021,12,190.2921641,15.85768034,13.3494728,18.62889331,6.539104008,6.172997083,6.929654996,0.412361951,0.391491801,0.434276969
2021,12,01/12/2021,11,156.1105359,14.1918669,11.61233726,16.86882389,5.305362746,5.064277861,5.773407488,0.373831208,0.362110701,0.404770057
2022,1,01/01/2022,11,134.444815,12.22225591,10.14323125,14.50599161,5.078750069,4.84138074,5.492633836,0.415532951,0.394457786,0.450670509
2022,2,01/02/2022,10,111.2791086,11.12791086,9.126535524,13.31918813,4.311919938,4.020699495,4.672817703,0.387486923,0.361921792,0.417487296
2022,3,01/03/2022,10,115.1270114,11.51270114,9.845249853,13.36950414,4.463665807,4.163842284,4.77769572,0.38771664,0.363521102,0.410983391
2022,4,01/04/2022,11,136.0968194,12.37243813,10.31509449,14.40264303,5.824026699,5.420872834,6.386652667,0.47072587,0.435183845,0.515320566
2022,5,01/05/2022,12,148.520693,12.37672442,9.385013637,15.03273641,6.820970084,6.349743588,7.763014531,0.551112706,0.516371066,0.629943313
2022,6,01/06/2022,12,165.6212351,13.80176959,11.27156864,16.20502166,7.941242206,7.490450666,9.107688226,0.575378552,0.538740357,0.655497699
2022,7,01/07/2022,12,174.9567918,14.57973265,11.79695951,17.00926921,8.124374532,7.701155125,8.747321474,0.557237552,0.518346517,0.600002254
2022,8,01/08/2022,9,138.0626803,15.34029781,12.64294427,17.65496415,6.042179246,5.619126227,6.659884991,0.393876268,0.360080469,0.431579499
2022,9,01/09/2022,10,135.7824351,13.57824351,11.28191261,15.5623886,5.395120724,5.038226601,6.044315918,0.397335688,0.374935019,0.446807292
2022,10,01/10/2022,9,119.7515573,13.30572858,10.5828562,16.00012381,4.961050834,4.525161825,5.622886993,0.372850746,0.349358527,0.414033515
2022,11,01/11/2022,9,115.0753785,12.78615317,10.45477754,14.96563577,5.16715345,4.692694982,5.744771791,0.404121035,0.37647476,0.435622884
2022,12,01/12/2022,9,121.7289159,13.5254351,10.91949059,16.09816291,7.016796046,6.453911849,7.772494855,0.518785236,0.492607993,0.55468513
2023,1,01/01/2023,9,125.2683175,13.91870194,10.95759555,16.67559756,7.62940094,7.124759635,8.252152718,0.548140263,0.524059301,0.586196926
2023,2,01/02/2023,9,118.1092809,13.12325344,10.07122592,15.86348706,7.10970405,6.694338857,7.325574861,0.54176383,0.523126059,0.571507195
2023,3,01/03/2023,8,111.8671171,13.98338963,10.56308421,17.59747885,6.562399897,5.934479312,6.922638298,0.469299653,0.435441746,0.484994025
2023,4,01/04/2023,9,133.8921715,14.87690794,11.26611531,18.42436295,7.543033303,7.053208902,7.755162554,0.507029642,0.480567119,0.516768767
2023,5,01/05/2023,9,143.6703242,15.96336935,12.54156944,19.09046011,8.64040943,8.226223775,8.717551732,0.541264769,0.503986234,0.554914268
2023,6,01/06/2023,9,147.171757,16.35241745,13.00084006,20.06358335,8.738913839,8.205283928,8.668055127,0.534411127,0.493018738,0.551309991
2023,7,01/07/2023,12,193.010782,16.08423183,13.12703466,18.95633324,11.59378584,11.16227311,12.14483916,0.720816882,0.674384379,0.758560168
2023,8,01/08/2023,12,190.0324066,15.83603388,12.65297279,18.68286342,10.04386038,9.577596592,10.90148552,0.6342409,0.593055528,0.680445091
2023,9,01/09/2023,13,205.1786273,15.78297133,13.11384843,18.3836617,8.708270162,8.379979104,9.279877504,0.551750997,0.518669631,0.582599187
2023,10,01/10/2023,13,200.5039908,15.4233839,12.76121574,18.18830875,6.931125336,6.54197607,8.024942658,0.449390703,0.423447013,0.511217043
2023,11,01/11/2023,13,171.6721001,13.20554616,11.33993823,15.06563545,6.024599986,5.689739617,6.978975316,0.456217404,0.432038691,0.520096507
2023,12,01/12/2023,11,121.1398868,11.01271698,9.373022329,12.62287456,5.412123481,5.092151984,5.709975578,0.491443073,0.460505708,0.516850279
2024,1,01/01/2024,10,117.7982515,11.77982515,9.361315194,14.36927614,5.530582867,5.122978954,5.840525524,0.469496177,0.435127764,0.501372587
2024,2,01/02/2024,8,77.13504294,9.641880367,7.475685261,11.7339832,3.955712412,3.455281144,4.148199611,0.410263586,0.369044379,0.433263044
