"MonthStart","nPups","nJuvs","nSubadults","nAdults","AgeClass","Proportion"
1998-04-01,31,8,21,67,"Pups",0.244094488188976
1998-04-01,31,8,21,67,"Juveniles",0.062992125984252
1998-04-01,31,8,21,67,"Subadults",0.165354330708661
1998-04-01,31,8,21,67,"Adults",0.52755905511811
1998-05-01,18,11,18,63,"Pups",0.163636363636364
1998-05-01,18,11,18,63,"Juveniles",0.1
1998-05-01,18,11,18,63,"Subadults",0.163636363636364
1998-05-01,18,11,18,63,"Adults",0.572727272727273
1998-06-01,7,16,19,63,"Pups",0.0666666666666667
1998-06-01,7,16,19,63,"Juveniles",0.152380952380952
1998-06-01,7,16,19,63,"Subadults",0.180952380952381
1998-06-01,7,16,19,63,"Adults",0.6
1998-07-01,1,21,19,62,"Pups",0.00970873786407767
1998-07-01,1,21,19,62,"Juveniles",0.203883495145631
1998-07-01,1,21,19,62,"Subadults",0.184466019417476
1998-07-01,1,21,19,62,"Adults",0.601941747572815
1998-08-01,3,15,24,64,"Pups",0.0283018867924528
1998-08-01,3,15,24,64,"Juveniles",0.141509433962264
1998-08-01,3,15,24,64,"Subadults",0.226415094339623
1998-08-01,3,15,24,64,"Adults",0.60377358490566
1998-09-01,7,7,22,68,"Pups",0.0673076923076923
1998-09-01,7,7,22,68,"Juveniles",0.0673076923076923
1998-09-01,7,7,22,68,"Subadults",0.211538461538462
1998-09-01,7,7,22,68,"Adults",0.653846153846154
1998-10-01,12,1,26,66,"Pups",0.114285714285714
1998-10-01,12,1,26,66,"Juveniles",0.00952380952380952
1998-10-01,12,1,26,66,"Subadults",0.247619047619048
1998-10-01,12,1,26,66,"Adults",0.628571428571429
1998-11-01,26,3,26,60,"Pups",0.226086956521739
1998-11-01,26,3,26,60,"Juveniles",0.0260869565217391
1998-11-01,26,3,26,60,"Subadults",0.226086956521739
1998-11-01,26,3,26,60,"Adults",0.521739130434783
1998-12-01,34,6,19,65,"Pups",0.274193548387097
1998-12-01,34,6,19,65,"Juveniles",0.0483870967741935
1998-12-01,34,6,19,65,"Subadults",0.153225806451613
1998-12-01,34,6,19,65,"Adults",0.524193548387097
1999-01-01,42,11,17,68,"Pups",0.304347826086957
1999-01-01,42,11,17,68,"Juveniles",0.0797101449275362
1999-01-01,42,11,17,68,"Subadults",0.123188405797101
1999-01-01,42,11,17,68,"Adults",0.492753623188406
1999-02-01,49,21,14,74,"Pups",0.310126582278481
1999-02-01,49,21,14,74,"Juveniles",0.132911392405063
1999-02-01,49,21,14,74,"Subadults",0.0886075949367089
1999-02-01,49,21,14,74,"Adults",0.468354430379747
1999-03-01,48,25,12,79,"Pups",0.292682926829268
1999-03-01,48,25,12,79,"Juveniles",0.152439024390244
1999-03-01,48,25,12,79,"Subadults",0.0731707317073171
1999-03-01,48,25,12,79,"Adults",0.481707317073171
1999-04-01,35,27,12,83,"Pups",0.222929936305732
1999-04-01,35,27,12,83,"Juveniles",0.171974522292994
1999-04-01,35,27,12,83,"Subadults",0.0764331210191083
1999-04-01,35,27,12,83,"Adults",0.528662420382166
1999-05-01,13,36,23,81,"Pups",0.0849673202614379
1999-05-01,13,36,23,81,"Juveniles",0.235294117647059
1999-05-01,13,36,23,81,"Subadults",0.150326797385621
1999-05-01,13,36,23,81,"Adults",0.529411764705882
1999-06-01,6,35,30,79,"Pups",0.04
1999-06-01,6,35,30,79,"Juveniles",0.233333333333333
1999-06-01,6,35,30,79,"Subadults",0.2
1999-06-01,6,35,30,79,"Adults",0.526666666666667
1999-07-01,6,26,36,74,"Pups",0.0422535211267606
1999-07-01,6,26,36,74,"Juveniles",0.183098591549296
1999-07-01,6,26,36,74,"Subadults",0.253521126760563
1999-07-01,6,26,36,74,"Adults",0.52112676056338
1999-08-01,15,11,50,75,"Pups",0.0993377483443709
1999-08-01,15,11,50,75,"Juveniles",0.0728476821192053
1999-08-01,15,11,50,75,"Subadults",0.33112582781457
1999-08-01,15,11,50,75,"Adults",0.496688741721854
1999-09-01,31,4,54,80,"Pups",0.183431952662722
1999-09-01,31,4,54,80,"Juveniles",0.0236686390532544
1999-09-01,31,4,54,80,"Subadults",0.319526627218935
1999-09-01,31,4,54,80,"Adults",0.473372781065089
1999-10-01,39,4,49,68,"Pups",0.24375
1999-10-01,39,4,49,68,"Juveniles",0.025
1999-10-01,39,4,49,68,"Subadults",0.30625
1999-10-01,39,4,49,68,"Adults",0.425
1999-11-01,39,11,38,63,"Pups",0.258278145695364
1999-11-01,39,11,38,63,"Juveniles",0.0728476821192053
1999-11-01,39,11,38,63,"Subadults",0.251655629139073
1999-11-01,39,11,38,63,"Adults",0.417218543046358
1999-12-01,35,25,30,54,"Pups",0.243055555555556
1999-12-01,35,25,30,54,"Juveniles",0.173611111111111
1999-12-01,35,25,30,54,"Subadults",0.208333333333333
1999-12-01,35,25,30,54,"Adults",0.375
2000-01-01,50,25,25,60,"Pups",0.3125
2000-01-01,50,25,25,60,"Juveniles",0.15625
2000-01-01,50,25,25,60,"Subadults",0.15625
2000-01-01,50,25,25,60,"Adults",0.375
2000-02-01,49,30,21,74,"Pups",0.281609195402299
2000-02-01,49,30,21,74,"Juveniles",0.172413793103448
2000-02-01,49,30,21,74,"Subadults",0.120689655172414
2000-02-01,49,30,21,74,"Adults",0.425287356321839
2000-03-01,43,28,28,80,"Pups",0.240223463687151
2000-03-01,43,28,28,80,"Juveniles",0.156424581005587
2000-03-01,43,28,28,80,"Subadults",0.156424581005587
2000-03-01,43,28,28,80,"Adults",0.446927374301676
2000-04-01,40,34,31,79,"Pups",0.217391304347826
2000-04-01,40,34,31,79,"Juveniles",0.184782608695652
2000-04-01,40,34,31,79,"Subadults",0.168478260869565
2000-04-01,40,34,31,79,"Adults",0.429347826086957
2000-05-01,26,44,40,83,"Pups",0.134715025906736
2000-05-01,26,44,40,83,"Juveniles",0.227979274611399
2000-05-01,26,44,40,83,"Subadults",0.207253886010363
2000-05-01,26,44,40,83,"Adults",0.430051813471503
2000-06-01,24,34,51,81,"Pups",0.126315789473684
2000-06-01,24,34,51,81,"Juveniles",0.178947368421053
2000-06-01,24,34,51,81,"Subadults",0.268421052631579
2000-06-01,24,34,51,81,"Adults",0.426315789473684
2000-07-01,13,38,59,81,"Pups",0.0680628272251309
2000-07-01,13,38,59,81,"Juveniles",0.198952879581152
2000-07-01,13,38,59,81,"Subadults",0.308900523560209
2000-07-01,13,38,59,81,"Adults",0.424083769633508
2000-08-01,13,23,72,89,"Pups",0.065989847715736
2000-08-01,13,23,72,89,"Juveniles",0.116751269035533
2000-08-01,13,23,72,89,"Subadults",0.365482233502538
2000-08-01,13,23,72,89,"Adults",0.451776649746193
2000-09-01,24,23,58,102,"Pups",0.115942028985507
2000-09-01,24,23,58,102,"Juveniles",0.111111111111111
2000-09-01,24,23,58,102,"Subadults",0.280193236714976
2000-09-01,24,23,58,102,"Adults",0.492753623188406
2000-10-01,46,10,68,90,"Pups",0.214953271028037
2000-10-01,46,10,68,90,"Juveniles",0.0467289719626168
2000-10-01,46,10,68,90,"Subadults",0.317757009345794
2000-10-01,46,10,68,90,"Adults",0.420560747663551
2000-11-01,47,10,69,98,"Pups",0.209821428571429
2000-11-01,47,10,69,98,"Juveniles",0.0446428571428571
2000-11-01,47,10,69,98,"Subadults",0.308035714285714
2000-11-01,47,10,69,98,"Adults",0.4375
2000-12-01,40,24,55,108,"Pups",0.176211453744493
2000-12-01,40,24,55,108,"Juveniles",0.105726872246696
2000-12-01,40,24,55,108,"Subadults",0.242290748898678
2000-12-01,40,24,55,108,"Adults",0.475770925110132
2001-01-01,26,41,47,115,"Pups",0.11353711790393
2001-01-01,26,41,47,115,"Juveniles",0.179039301310044
2001-01-01,26,41,47,115,"Subadults",0.205240174672489
2001-01-01,26,41,47,115,"Adults",0.502183406113537
2001-02-01,32,37,33,138,"Pups",0.133333333333333
2001-02-01,32,37,33,138,"Juveniles",0.154166666666667
2001-02-01,32,37,33,138,"Subadults",0.1375
2001-02-01,32,37,33,138,"Adults",0.575
2001-03-01,26,38,47,136,"Pups",0.105263157894737
2001-03-01,26,38,47,136,"Juveniles",0.153846153846154
2001-03-01,26,38,47,136,"Subadults",0.190283400809717
2001-03-01,26,38,47,136,"Adults",0.550607287449393
2001-04-01,30,22,48,148,"Pups",0.120967741935484
2001-04-01,30,22,48,148,"Juveniles",0.0887096774193548
2001-04-01,30,22,48,148,"Subadults",0.193548387096774
2001-04-01,30,22,48,148,"Adults",0.596774193548387
2001-05-01,19,26,45,153,"Pups",0.0781893004115226
2001-05-01,19,26,45,153,"Juveniles",0.106995884773663
2001-05-01,19,26,45,153,"Subadults",0.185185185185185
2001-05-01,19,26,45,153,"Adults",0.62962962962963
2001-06-01,8,24,60,149,"Pups",0.033195020746888
2001-06-01,8,24,60,149,"Juveniles",0.0995850622406639
2001-06-01,8,24,60,149,"Subadults",0.24896265560166
2001-06-01,8,24,60,149,"Adults",0.618257261410788
2001-07-01,4,27,58,134,"Pups",0.0179372197309417
2001-07-01,4,27,58,134,"Juveniles",0.121076233183857
2001-07-01,4,27,58,134,"Subadults",0.260089686098655
2001-07-01,4,27,58,134,"Adults",0.600896860986547
2001-08-01,15,11,66,171,"Pups",0.0570342205323194
2001-08-01,15,11,66,171,"Juveniles",0.0418250950570342
2001-08-01,15,11,66,171,"Subadults",0.250950570342205
2001-08-01,15,11,66,171,"Adults",0.650190114068441
2001-09-01,15,8,58,169,"Pups",0.06
2001-09-01,15,8,58,169,"Juveniles",0.032
2001-09-01,15,8,58,169,"Subadults",0.232
2001-09-01,15,8,58,169,"Adults",0.676
2001-10-01,12,3,47,145,"Pups",0.0579710144927536
2001-10-01,12,3,47,145,"Juveniles",0.0144927536231884
2001-10-01,12,3,47,145,"Subadults",0.227053140096618
2001-10-01,12,3,47,145,"Adults",0.70048309178744
2001-11-01,37,5,44,137,"Pups",0.165919282511211
2001-11-01,37,5,44,137,"Juveniles",0.0224215246636771
2001-11-01,37,5,44,137,"Subadults",0.197309417040359
2001-11-01,37,5,44,137,"Adults",0.614349775784753
2001-12-01,62,9,29,150,"Pups",0.248
2001-12-01,62,9,29,150,"Juveniles",0.036
2001-12-01,62,9,29,150,"Subadults",0.116
2001-12-01,62,9,29,150,"Adults",0.6
2002-01-01,66,12,29,146,"Pups",0.260869565217391
2002-01-01,66,12,29,146,"Juveniles",0.0474308300395257
2002-01-01,66,12,29,146,"Subadults",0.114624505928854
2002-01-01,66,12,29,146,"Adults",0.577075098814229
2002-02-01,54,32,19,158,"Pups",0.20532319391635
2002-02-01,54,32,19,158,"Juveniles",0.121673003802281
2002-02-01,54,32,19,158,"Subadults",0.0722433460076046
2002-02-01,54,32,19,158,"Adults",0.600760456273764
2002-03-01,34,61,14,156,"Pups",0.128301886792453
2002-03-01,34,61,14,156,"Juveniles",0.230188679245283
2002-03-01,34,61,14,156,"Subadults",0.0528301886792453
2002-03-01,34,61,14,156,"Adults",0.588679245283019
2002-04-01,49,55,13,159,"Pups",0.177536231884058
2002-04-01,49,55,13,159,"Juveniles",0.199275362318841
2002-04-01,49,55,13,159,"Subadults",0.0471014492753623
2002-04-01,49,55,13,159,"Adults",0.576086956521739
2002-05-01,47,39,32,156,"Pups",0.171532846715328
2002-05-01,47,39,32,156,"Juveniles",0.142335766423358
2002-05-01,47,39,32,156,"Subadults",0.116788321167883
2002-05-01,47,39,32,156,"Adults",0.569343065693431
2002-06-01,28,27,57,156,"Pups",0.104477611940299
2002-06-01,28,27,57,156,"Juveniles",0.100746268656716
2002-06-01,28,27,57,156,"Subadults",0.212686567164179
2002-06-01,28,27,57,156,"Adults",0.582089552238806
2002-07-01,11,41,59,154,"Pups",0.0415094339622641
2002-07-01,11,41,59,154,"Juveniles",0.154716981132075
2002-07-01,11,41,59,154,"Subadults",0.222641509433962
2002-07-01,11,41,59,154,"Adults",0.581132075471698
2002-08-01,3,41,61,156,"Pups",0.0114942528735632
2002-08-01,3,41,61,156,"Juveniles",0.157088122605364
2002-08-01,3,41,61,156,"Subadults",0.233716475095785
2002-08-01,3,41,61,156,"Adults",0.597701149425287
2002-09-01,12,23,77,149,"Pups",0.0459770114942529
2002-09-01,12,23,77,149,"Juveniles",0.0881226053639847
2002-09-01,12,23,77,149,"Subadults",0.295019157088123
2002-09-01,12,23,77,149,"Adults",0.57088122605364
2002-10-01,29,10,83,166,"Pups",0.100694444444444
2002-10-01,29,10,83,166,"Juveniles",0.0347222222222222
2002-10-01,29,10,83,166,"Subadults",0.288194444444444
2002-10-01,29,10,83,166,"Adults",0.576388888888889
2002-11-01,37,3,71,153,"Pups",0.140151515151515
2002-11-01,37,3,71,153,"Juveniles",0.0113636363636364
2002-11-01,37,3,71,153,"Subadults",0.268939393939394
2002-11-01,37,3,71,153,"Adults",0.579545454545455
2002-12-01,55,6,49,163,"Pups",0.201465201465201
2002-12-01,55,6,49,163,"Juveniles",0.021978021978022
2002-12-01,55,6,49,163,"Subadults",0.179487179487179
2002-12-01,55,6,49,163,"Adults",0.597069597069597
2003-01-01,47,23,48,164,"Pups",0.166666666666667
2003-01-01,47,23,48,164,"Juveniles",0.0815602836879433
2003-01-01,47,23,48,164,"Subadults",0.170212765957447
2003-01-01,47,23,48,164,"Adults",0.581560283687943
2003-02-01,44,28,40,166,"Pups",0.158273381294964
2003-02-01,44,28,40,166,"Juveniles",0.100719424460432
2003-02-01,44,28,40,166,"Subadults",0.143884892086331
2003-02-01,44,28,40,166,"Adults",0.597122302158273
2003-03-01,48,51,29,182,"Pups",0.154838709677419
2003-03-01,48,51,29,182,"Juveniles",0.164516129032258
2003-03-01,48,51,29,182,"Subadults",0.0935483870967742
2003-03-01,48,51,29,182,"Adults",0.587096774193548
2003-04-01,31,45,31,191,"Pups",0.104026845637584
2003-04-01,31,45,31,191,"Juveniles",0.151006711409396
2003-04-01,31,45,31,191,"Subadults",0.104026845637584
2003-04-01,31,45,31,191,"Adults",0.640939597315436
2003-05-01,28,39,27,196,"Pups",0.096551724137931
2003-05-01,28,39,27,196,"Juveniles",0.13448275862069
2003-05-01,28,39,27,196,"Subadults",0.0931034482758621
2003-05-01,28,39,27,196,"Adults",0.675862068965517
2003-06-01,1,35,48,196,"Pups",0.00357142857142857
2003-06-01,1,35,48,196,"Juveniles",0.125
2003-06-01,1,35,48,196,"Subadults",0.171428571428571
2003-06-01,1,35,48,196,"Adults",0.7
2003-07-01,0,22,59,190,"Pups",0
2003-07-01,0,22,59,190,"Juveniles",0.0811808118081181
2003-07-01,0,22,59,190,"Subadults",0.217712177121771
2003-07-01,0,22,59,190,"Adults",0.701107011070111
2003-08-01,0,21,57,184,"Pups",0
2003-08-01,0,21,57,184,"Juveniles",0.0801526717557252
2003-08-01,0,21,57,184,"Subadults",0.217557251908397
2003-08-01,0,21,57,184,"Adults",0.702290076335878
2003-09-01,1,0,70,187,"Pups",0.00387596899224806
2003-09-01,1,0,70,187,"Juveniles",0
2003-09-01,1,0,70,187,"Subadults",0.271317829457364
2003-09-01,1,0,70,187,"Adults",0.724806201550388
2003-10-01,1,0,55,185,"Pups",0.004149377593361
2003-10-01,1,0,55,185,"Juveniles",0
2003-10-01,1,0,55,185,"Subadults",0.228215767634855
2003-10-01,1,0,55,185,"Adults",0.767634854771784
2003-11-01,4,0,50,120,"Pups",0.0229885057471264
2003-11-01,4,0,50,120,"Juveniles",0
2003-11-01,4,0,50,120,"Subadults",0.28735632183908
2003-11-01,4,0,50,120,"Adults",0.689655172413793
2003-12-01,23,0,21,108,"Pups",0.151315789473684
2003-12-01,23,0,21,108,"Juveniles",0
2003-12-01,23,0,21,108,"Subadults",0.138157894736842
2003-12-01,23,0,21,108,"Adults",0.710526315789474
2004-01-01,33,0,13,115,"Pups",0.204968944099379
2004-01-01,33,0,13,115,"Juveniles",0
2004-01-01,33,0,13,115,"Subadults",0.0807453416149068
2004-01-01,33,0,13,115,"Adults",0.714285714285714
2004-02-01,46,2,12,110,"Pups",0.270588235294118
2004-02-01,46,2,12,110,"Juveniles",0.0117647058823529
2004-02-01,46,2,12,110,"Subadults",0.0705882352941176
2004-02-01,46,2,12,110,"Adults",0.647058823529412
2004-03-01,70,6,1,118,"Pups",0.358974358974359
2004-03-01,70,6,1,118,"Juveniles",0.0307692307692308
2004-03-01,70,6,1,118,"Subadults",0.00512820512820513
2004-03-01,70,6,1,118,"Adults",0.605128205128205
2004-04-01,64,24,0,117,"Pups",0.31219512195122
2004-04-01,64,24,0,117,"Juveniles",0.117073170731707
2004-04-01,64,24,0,117,"Subadults",0
2004-04-01,64,24,0,117,"Adults",0.570731707317073
2004-05-01,57,32,2,113,"Pups",0.279411764705882
2004-05-01,57,32,2,113,"Juveniles",0.156862745098039
2004-05-01,57,32,2,113,"Subadults",0.00980392156862745
2004-05-01,57,32,2,113,"Adults",0.553921568627451
2004-06-01,30,53,9,112,"Pups",0.147058823529412
2004-06-01,30,53,9,112,"Juveniles",0.259803921568627
2004-06-01,30,53,9,112,"Subadults",0.0441176470588235
2004-06-01,30,53,9,112,"Adults",0.549019607843137
2004-07-01,10,52,24,111,"Pups",0.050761421319797
2004-07-01,10,52,24,111,"Juveniles",0.263959390862944
2004-07-01,10,52,24,111,"Subadults",0.121827411167513
2004-07-01,10,52,24,111,"Adults",0.563451776649746
2004-08-01,19,47,32,111,"Pups",0.0909090909090909
2004-08-01,19,47,32,111,"Juveniles",0.22488038277512
2004-08-01,19,47,32,111,"Subadults",0.15311004784689
2004-08-01,19,47,32,111,"Adults",0.5311004784689
2004-09-01,16,26,58,103,"Pups",0.0788177339901478
2004-09-01,16,26,58,103,"Juveniles",0.12807881773399
2004-09-01,16,26,58,103,"Subadults",0.285714285714286
2004-09-01,16,26,58,103,"Adults",0.507389162561576
2004-10-01,29,6,77,101,"Pups",0.136150234741784
2004-10-01,29,6,77,101,"Juveniles",0.028169014084507
2004-10-01,29,6,77,101,"Subadults",0.36150234741784
2004-10-01,29,6,77,101,"Adults",0.474178403755869
2004-11-01,26,16,70,81,"Pups",0.134715025906736
2004-11-01,26,16,70,81,"Juveniles",0.0829015544041451
2004-11-01,26,16,70,81,"Subadults",0.362694300518135
2004-11-01,26,16,70,81,"Adults",0.419689119170984
2004-12-01,48,10,71,78,"Pups",0.231884057971014
2004-12-01,48,10,71,78,"Juveniles",0.0483091787439614
2004-12-01,48,10,71,78,"Subadults",0.342995169082126
2004-12-01,48,10,71,78,"Adults",0.376811594202899
2005-01-01,40,28,55,84,"Pups",0.193236714975845
2005-01-01,40,28,55,84,"Juveniles",0.135265700483092
2005-01-01,40,28,55,84,"Subadults",0.265700483091787
2005-01-01,40,28,55,84,"Adults",0.405797101449275
2005-02-01,35,25,58,88,"Pups",0.169902912621359
2005-02-01,35,25,58,88,"Juveniles",0.121359223300971
2005-02-01,35,25,58,88,"Subadults",0.281553398058252
2005-02-01,35,25,58,88,"Adults",0.427184466019417
2005-03-01,55,40,35,107,"Pups",0.232067510548523
2005-03-01,55,40,35,107,"Juveniles",0.168776371308017
2005-03-01,55,40,35,107,"Subadults",0.147679324894515
2005-03-01,55,40,35,107,"Adults",0.451476793248945
2005-04-01,59,34,41,116,"Pups",0.236
2005-04-01,59,34,41,116,"Juveniles",0.136
2005-04-01,59,34,41,116,"Subadults",0.164
2005-04-01,59,34,41,116,"Adults",0.464
2005-05-01,61,29,40,128,"Pups",0.236434108527132
2005-05-01,61,29,40,128,"Juveniles",0.112403100775194
2005-05-01,61,29,40,128,"Subadults",0.155038759689922
2005-05-01,61,29,40,128,"Adults",0.496124031007752
2005-06-01,33,38,49,131,"Pups",0.131474103585657
2005-06-01,33,38,49,131,"Juveniles",0.151394422310757
2005-06-01,33,38,49,131,"Subadults",0.195219123505976
2005-06-01,33,38,49,131,"Adults",0.52191235059761
2005-07-01,22,42,60,129,"Pups",0.0869565217391304
2005-07-01,22,42,60,129,"Juveniles",0.16600790513834
2005-07-01,22,42,60,129,"Subadults",0.237154150197628
2005-07-01,22,42,60,129,"Adults",0.509881422924901
2005-08-01,14,45,52,134,"Pups",0.0571428571428571
2005-08-01,14,45,52,134,"Juveniles",0.183673469387755
2005-08-01,14,45,52,134,"Subadults",0.212244897959184
2005-08-01,14,45,52,134,"Adults",0.546938775510204
2005-09-01,29,18,78,123,"Pups",0.116935483870968
2005-09-01,29,18,78,123,"Juveniles",0.0725806451612903
2005-09-01,29,18,78,123,"Subadults",0.314516129032258
2005-09-01,29,18,78,123,"Adults",0.495967741935484
2005-10-01,41,6,75,137,"Pups",0.158301158301158
2005-10-01,41,6,75,137,"Juveniles",0.0231660231660232
2005-10-01,41,6,75,137,"Subadults",0.28957528957529
2005-10-01,41,6,75,137,"Adults",0.528957528957529
2005-11-01,39,12,71,131,"Pups",0.154150197628458
2005-11-01,39,12,71,131,"Juveniles",0.0474308300395257
2005-11-01,39,12,71,131,"Subadults",0.280632411067194
2005-11-01,39,12,71,131,"Adults",0.517786561264822
2005-12-01,55,20,57,140,"Pups",0.202205882352941
2005-12-01,55,20,57,140,"Juveniles",0.0735294117647059
2005-12-01,55,20,57,140,"Subadults",0.209558823529412
2005-12-01,55,20,57,140,"Adults",0.514705882352941
2006-01-01,41,32,51,148,"Pups",0.150735294117647
2006-01-01,41,32,51,148,"Juveniles",0.117647058823529
2006-01-01,41,32,51,148,"Subadults",0.1875
2006-01-01,41,32,51,148,"Adults",0.544117647058823
2006-02-01,37,33,55,125,"Pups",0.148
2006-02-01,37,33,55,125,"Juveniles",0.132
2006-02-01,37,33,55,125,"Subadults",0.22
2006-02-01,37,33,55,125,"Adults",0.5
2006-03-01,41,37,47,130,"Pups",0.16078431372549
2006-03-01,41,37,47,130,"Juveniles",0.145098039215686
2006-03-01,41,37,47,130,"Subadults",0.184313725490196
2006-03-01,41,37,47,130,"Adults",0.509803921568627
2006-04-01,46,35,44,143,"Pups",0.171641791044776
2006-04-01,46,35,44,143,"Juveniles",0.130597014925373
2006-04-01,46,35,44,143,"Subadults",0.164179104477612
2006-04-01,46,35,44,143,"Adults",0.533582089552239
2006-05-01,56,31,43,147,"Pups",0.202166064981949
2006-05-01,56,31,43,147,"Juveniles",0.111913357400722
2006-05-01,56,31,43,147,"Subadults",0.155234657039711
2006-05-01,56,31,43,147,"Adults",0.530685920577617
2006-06-01,39,36,43,133,"Pups",0.155378486055777
2006-06-01,39,36,43,133,"Juveniles",0.143426294820717
2006-06-01,39,36,43,133,"Subadults",0.171314741035857
2006-06-01,39,36,43,133,"Adults",0.529880478087649
2006-07-01,29,32,66,141,"Pups",0.108208955223881
2006-07-01,29,32,66,141,"Juveniles",0.119402985074627
2006-07-01,29,32,66,141,"Subadults",0.246268656716418
2006-07-01,29,32,66,141,"Adults",0.526119402985075
2006-08-01,4,52,61,145,"Pups",0.0152671755725191
2006-08-01,4,52,61,145,"Juveniles",0.198473282442748
2006-08-01,4,52,61,145,"Subadults",0.232824427480916
2006-08-01,4,52,61,145,"Adults",0.553435114503817
2006-09-01,20,38,67,141,"Pups",0.075187969924812
2006-09-01,20,38,67,141,"Juveniles",0.142857142857143
2006-09-01,20,38,67,141,"Subadults",0.25187969924812
2006-09-01,20,38,67,141,"Adults",0.530075187969925
2006-10-01,26,24,63,145,"Pups",0.10077519379845
2006-10-01,26,24,63,145,"Juveniles",0.0930232558139535
2006-10-01,26,24,63,145,"Subadults",0.244186046511628
2006-10-01,26,24,63,145,"Adults",0.562015503875969
2006-11-01,30,4,79,147,"Pups",0.115384615384615
2006-11-01,30,4,79,147,"Juveniles",0.0153846153846154
2006-11-01,30,4,79,147,"Subadults",0.303846153846154
2006-11-01,30,4,79,147,"Adults",0.565384615384615
2006-12-01,29,10,69,157,"Pups",0.109433962264151
2006-12-01,29,10,69,157,"Juveniles",0.0377358490566038
2006-12-01,29,10,69,157,"Subadults",0.260377358490566
2006-12-01,29,10,69,157,"Adults",0.592452830188679
2007-01-01,11,25,55,166,"Pups",0.0428015564202335
2007-01-01,11,25,55,166,"Juveniles",0.0972762645914397
2007-01-01,11,25,55,166,"Subadults",0.214007782101167
2007-01-01,11,25,55,166,"Adults",0.64591439688716
2007-02-01,25,22,51,162,"Pups",0.0961538461538462
2007-02-01,25,22,51,162,"Juveniles",0.0846153846153846
2007-02-01,25,22,51,162,"Subadults",0.196153846153846
2007-02-01,25,22,51,162,"Adults",0.623076923076923
2007-03-01,25,15,38,179,"Pups",0.0972762645914397
2007-03-01,25,15,38,179,"Juveniles",0.0583657587548638
2007-03-01,25,15,38,179,"Subadults",0.147859922178988
2007-03-01,25,15,38,179,"Adults",0.696498054474708
2007-04-01,18,6,43,178,"Pups",0.073469387755102
2007-04-01,18,6,43,178,"Juveniles",0.0244897959183673
2007-04-01,18,6,43,178,"Subadults",0.175510204081633
2007-04-01,18,6,43,178,"Adults",0.726530612244898
2007-05-01,8,13,24,186,"Pups",0.0346320346320346
2007-05-01,8,13,24,186,"Juveniles",0.0562770562770563
2007-05-01,8,13,24,186,"Subadults",0.103896103896104
2007-05-01,8,13,24,186,"Adults",0.805194805194805
2007-06-01,1,17,22,179,"Pups",0.0045662100456621
2007-06-01,1,17,22,179,"Juveniles",0.0776255707762557
2007-06-01,1,17,22,179,"Subadults",0.100456621004566
2007-06-01,1,17,22,179,"Adults",0.817351598173516
2007-07-01,0,13,25,174,"Pups",0
2007-07-01,0,13,25,174,"Juveniles",0.0613207547169811
2007-07-01,0,13,25,174,"Subadults",0.117924528301887
2007-07-01,0,13,25,174,"Adults",0.820754716981132
2007-08-01,0,2,34,163,"Pups",0
2007-08-01,0,2,34,163,"Juveniles",0.0100502512562814
2007-08-01,0,2,34,163,"Subadults",0.170854271356784
2007-08-01,0,2,34,163,"Adults",0.819095477386935
2007-09-01,0,1,26,162,"Pups",0
2007-09-01,0,1,26,162,"Juveniles",0.00529100529100529
2007-09-01,0,1,26,162,"Subadults",0.137566137566138
2007-09-01,0,1,26,162,"Adults",0.857142857142857
2007-10-01,0,0,18,170,"Pups",0
2007-10-01,0,0,18,170,"Juveniles",0
2007-10-01,0,0,18,170,"Subadults",0.0957446808510638
2007-10-01,0,0,18,170,"Adults",0.904255319148936
2007-11-01,2,0,16,115,"Pups",0.0150375939849624
2007-11-01,2,0,16,115,"Juveniles",0
2007-11-01,2,0,16,115,"Subadults",0.120300751879699
2007-11-01,2,0,16,115,"Adults",0.864661654135338
2007-12-01,9,0,13,92,"Pups",0.0789473684210526
2007-12-01,9,0,13,92,"Juveniles",0
2007-12-01,9,0,13,92,"Subadults",0.114035087719298
2007-12-01,9,0,13,92,"Adults",0.807017543859649
2008-01-01,35,0,10,87,"Pups",0.265151515151515
2008-01-01,35,0,10,87,"Juveniles",0
2008-01-01,35,0,10,87,"Subadults",0.0757575757575758
2008-01-01,35,0,10,87,"Adults",0.659090909090909
2008-02-01,52,0,4,95,"Pups",0.344370860927152
2008-02-01,52,0,4,95,"Juveniles",0
2008-02-01,52,0,4,95,"Subadults",0.0264900662251656
2008-02-01,52,0,4,95,"Adults",0.629139072847682
2008-03-01,61,5,0,98,"Pups",0.371951219512195
2008-03-01,61,5,0,98,"Juveniles",0.0304878048780488
2008-03-01,61,5,0,98,"Subadults",0
2008-03-01,61,5,0,98,"Adults",0.597560975609756
2008-04-01,54,17,0,99,"Pups",0.317647058823529
2008-04-01,54,17,0,99,"Juveniles",0.1
2008-04-01,54,17,0,99,"Subadults",0
2008-04-01,54,17,0,99,"Adults",0.582352941176471
2008-05-01,31,42,0,100,"Pups",0.179190751445087
2008-05-01,31,42,0,100,"Juveniles",0.242774566473988
2008-05-01,31,42,0,100,"Subadults",0
2008-05-01,31,42,0,100,"Adults",0.578034682080925
2008-06-01,21,46,5,95,"Pups",0.125748502994012
2008-06-01,21,46,5,95,"Juveniles",0.275449101796407
2008-06-01,21,46,5,95,"Subadults",0.029940119760479
2008-06-01,21,46,5,95,"Adults",0.568862275449102
2008-07-01,15,37,16,93,"Pups",0.093167701863354
2008-07-01,15,37,16,93,"Juveniles",0.229813664596273
2008-07-01,15,37,16,93,"Subadults",0.0993788819875776
2008-07-01,15,37,16,93,"Adults",0.577639751552795
2008-08-01,7,26,40,100,"Pups",0.0404624277456647
2008-08-01,7,26,40,100,"Juveniles",0.15028901734104
2008-08-01,7,26,40,100,"Subadults",0.23121387283237
2008-08-01,7,26,40,100,"Adults",0.578034682080925
2008-09-01,42,20,48,97,"Pups",0.202898550724638
2008-09-01,42,20,48,97,"Juveniles",0.0966183574879227
2008-09-01,42,20,48,97,"Subadults",0.231884057971014
2008-09-01,42,20,48,97,"Adults",0.468599033816425
2008-10-01,52,11,55,93,"Pups",0.246445497630332
2008-10-01,52,11,55,93,"Juveniles",0.0521327014218009
2008-10-01,52,11,55,93,"Subadults",0.260663507109005
2008-10-01,52,11,55,93,"Adults",0.440758293838863
2008-11-01,66,3,64,78,"Pups",0.312796208530806
2008-11-01,66,3,64,78,"Juveniles",0.014218009478673
2008-11-01,66,3,64,78,"Subadults",0.303317535545024
2008-11-01,66,3,64,78,"Adults",0.369668246445498
2008-12-01,75,31,59,81,"Pups",0.304878048780488
2008-12-01,75,31,59,81,"Juveniles",0.126016260162602
2008-12-01,75,31,59,81,"Subadults",0.239837398373984
2008-12-01,75,31,59,81,"Adults",0.329268292682927
2009-01-01,62,43,48,90,"Pups",0.255144032921811
2009-01-01,62,43,48,90,"Juveniles",0.176954732510288
2009-01-01,62,43,48,90,"Subadults",0.197530864197531
2009-01-01,62,43,48,90,"Adults",0.37037037037037
2009-02-01,59,63,25,96,"Pups",0.242798353909465
2009-02-01,59,63,25,96,"Juveniles",0.259259259259259
2009-02-01,59,63,25,96,"Subadults",0.102880658436214
2009-02-01,59,63,25,96,"Adults",0.395061728395062
2009-03-01,49,61,49,105,"Pups",0.185606060606061
2009-03-01,49,61,49,105,"Juveniles",0.231060606060606
2009-03-01,49,61,49,105,"Subadults",0.185606060606061
2009-03-01,49,61,49,105,"Adults",0.397727272727273
2009-04-01,51,54,54,106,"Pups",0.192452830188679
2009-04-01,51,54,54,106,"Juveniles",0.20377358490566
2009-04-01,51,54,54,106,"Subadults",0.20377358490566
2009-04-01,51,54,54,106,"Adults",0.4
2009-05-01,44,59,57,116,"Pups",0.159420289855072
2009-05-01,44,59,57,116,"Juveniles",0.213768115942029
2009-05-01,44,59,57,116,"Subadults",0.206521739130435
2009-05-01,44,59,57,116,"Adults",0.420289855072464
2009-06-01,29,36,90,113,"Pups",0.108208955223881
2009-06-01,29,36,90,113,"Juveniles",0.134328358208955
2009-06-01,29,36,90,113,"Subadults",0.335820895522388
2009-06-01,29,36,90,113,"Adults",0.421641791044776
2009-07-01,13,48,83,102,"Pups",0.0528455284552846
2009-07-01,13,48,83,102,"Juveniles",0.195121951219512
2009-07-01,13,48,83,102,"Subadults",0.33739837398374
2009-07-01,13,48,83,102,"Adults",0.414634146341463
2009-08-01,2,34,93,87,"Pups",0.00925925925925926
2009-08-01,2,34,93,87,"Juveniles",0.157407407407407
2009-08-01,2,34,93,87,"Subadults",0.430555555555556
2009-08-01,2,34,93,87,"Adults",0.402777777777778
2009-09-01,8,24,78,102,"Pups",0.0377358490566038
2009-09-01,8,24,78,102,"Juveniles",0.113207547169811
2009-09-01,8,24,78,102,"Subadults",0.367924528301887
2009-09-01,8,24,78,102,"Adults",0.481132075471698
2009-10-01,42,8,83,103,"Pups",0.177966101694915
2009-10-01,42,8,83,103,"Juveniles",0.0338983050847458
2009-10-01,42,8,83,103,"Subadults",0.351694915254237
2009-10-01,42,8,83,103,"Adults",0.436440677966102
2009-11-01,52,0,80,101,"Pups",0.223175965665236
2009-11-01,52,0,80,101,"Juveniles",0
2009-11-01,52,0,80,101,"Subadults",0.343347639484979
2009-11-01,52,0,80,101,"Adults",0.433476394849785
2009-12-01,55,4,53,120,"Pups",0.237068965517241
2009-12-01,55,4,53,120,"Juveniles",0.0172413793103448
2009-12-01,55,4,53,120,"Subadults",0.228448275862069
2009-12-01,55,4,53,120,"Adults",0.517241379310345
2010-01-01,53,45,47,130,"Pups",0.192727272727273
2010-01-01,53,45,47,130,"Juveniles",0.163636363636364
2010-01-01,53,45,47,130,"Subadults",0.170909090909091
2010-01-01,53,45,47,130,"Adults",0.472727272727273
2010-02-01,55,45,31,150,"Pups",0.195729537366548
2010-02-01,55,45,31,150,"Juveniles",0.160142348754448
2010-02-01,55,45,31,150,"Subadults",0.110320284697509
2010-02-01,55,45,31,150,"Adults",0.533807829181495
2010-03-01,68,52,18,136,"Pups",0.248175182481752
2010-03-01,68,52,18,136,"Juveniles",0.18978102189781
2010-03-01,68,52,18,136,"Subadults",0.0656934306569343
2010-03-01,68,52,18,136,"Adults",0.496350364963504
2010-04-01,47,43,40,148,"Pups",0.169064748201439
2010-04-01,47,43,40,148,"Juveniles",0.154676258992806
2010-04-01,47,43,40,148,"Subadults",0.143884892086331
2010-04-01,47,43,40,148,"Adults",0.532374100719424
2010-05-01,45,42,38,150,"Pups",0.163636363636364
2010-05-01,45,42,38,150,"Juveniles",0.152727272727273
2010-05-01,45,42,38,150,"Subadults",0.138181818181818
2010-05-01,45,42,38,150,"Adults",0.545454545454545
2010-06-01,14,58,50,149,"Pups",0.0516605166051661
2010-06-01,14,58,50,149,"Juveniles",0.214022140221402
2010-06-01,14,58,50,149,"Subadults",0.18450184501845
2010-06-01,14,58,50,149,"Adults",0.549815498154982
2010-07-01,7,41,75,153,"Pups",0.0253623188405797
2010-07-01,7,41,75,153,"Juveniles",0.148550724637681
2010-07-01,7,41,75,153,"Subadults",0.271739130434783
2010-07-01,7,41,75,153,"Adults",0.554347826086957
2010-08-01,3,42,77,156,"Pups",0.0107913669064748
2010-08-01,3,42,77,156,"Juveniles",0.151079136690647
2010-08-01,3,42,77,156,"Subadults",0.276978417266187
2010-08-01,3,42,77,156,"Adults",0.561151079136691
2010-09-01,26,14,104,154,"Pups",0.087248322147651
2010-09-01,26,14,104,154,"Juveniles",0.0469798657718121
2010-09-01,26,14,104,154,"Subadults",0.348993288590604
2010-09-01,26,14,104,154,"Adults",0.516778523489933
2010-10-01,41,4,81,182,"Pups",0.133116883116883
2010-10-01,41,4,81,182,"Juveniles",0.012987012987013
2010-10-01,41,4,81,182,"Subadults",0.262987012987013
2010-10-01,41,4,81,182,"Adults",0.590909090909091
2010-11-01,32,3,79,168,"Pups",0.113475177304965
2010-11-01,32,3,79,168,"Juveniles",0.0106382978723404
2010-11-01,32,3,79,168,"Subadults",0.280141843971631
2010-11-01,32,3,79,168,"Adults",0.595744680851064
2010-12-01,32,17,67,166,"Pups",0.113475177304965
2010-12-01,32,17,67,166,"Juveniles",0.0602836879432624
2010-12-01,32,17,67,166,"Subadults",0.23758865248227
2010-12-01,32,17,67,166,"Adults",0.588652482269504
2011-01-01,34,27,42,178,"Pups",0.120996441281139
2011-01-01,34,27,42,178,"Juveniles",0.096085409252669
2011-01-01,34,27,42,178,"Subadults",0.149466192170818
2011-01-01,34,27,42,178,"Adults",0.633451957295374
2011-02-01,73,31,42,166,"Pups",0.233974358974359
2011-02-01,73,31,42,166,"Juveniles",0.0993589743589744
2011-02-01,73,31,42,166,"Subadults",0.134615384615385
2011-02-01,73,31,42,166,"Adults",0.532051282051282
2011-03-01,80,31,32,181,"Pups",0.246913580246914
2011-03-01,80,31,32,181,"Juveniles",0.095679012345679
2011-03-01,80,31,32,181,"Subadults",0.0987654320987654
2011-03-01,80,31,32,181,"Adults",0.558641975308642
2011-04-01,68,31,29,190,"Pups",0.213836477987421
2011-04-01,68,31,29,190,"Juveniles",0.0974842767295598
2011-04-01,68,31,29,190,"Subadults",0.0911949685534591
2011-04-01,68,31,29,190,"Adults",0.59748427672956
2011-05-01,40,61,32,186,"Pups",0.125391849529781
2011-05-01,40,61,32,186,"Juveniles",0.191222570532915
2011-05-01,40,61,32,186,"Subadults",0.100313479623824
2011-05-01,40,61,32,186,"Adults",0.58307210031348
2011-06-01,20,66,45,184,"Pups",0.0634920634920635
2011-06-01,20,66,45,184,"Juveniles",0.20952380952381
2011-06-01,20,66,45,184,"Subadults",0.142857142857143
2011-06-01,20,66,45,184,"Adults",0.584126984126984
2011-07-01,15,60,55,172,"Pups",0.0496688741721854
2011-07-01,15,60,55,172,"Juveniles",0.198675496688742
2011-07-01,15,60,55,172,"Subadults",0.182119205298013
2011-07-01,15,60,55,172,"Adults",0.56953642384106
2011-08-01,8,36,86,158,"Pups",0.0277777777777778
2011-08-01,8,36,86,158,"Juveniles",0.125
2011-08-01,8,36,86,158,"Subadults",0.298611111111111
2011-08-01,8,36,86,158,"Adults",0.548611111111111
2011-09-01,29,19,92,178,"Pups",0.0911949685534591
2011-09-01,29,19,92,178,"Juveniles",0.059748427672956
2011-09-01,29,19,92,178,"Subadults",0.289308176100629
2011-09-01,29,19,92,178,"Adults",0.559748427672956
2011-10-01,40,14,86,183,"Pups",0.123839009287926
2011-10-01,40,14,86,183,"Juveniles",0.043343653250774
2011-10-01,40,14,86,183,"Subadults",0.26625386996904
2011-10-01,40,14,86,183,"Adults",0.56656346749226
2011-11-01,37,6,88,187,"Pups",0.116352201257862
2011-11-01,37,6,88,187,"Juveniles",0.0188679245283019
2011-11-01,37,6,88,187,"Subadults",0.276729559748428
2011-11-01,37,6,88,187,"Adults",0.588050314465409
2011-12-01,27,11,74,198,"Pups",0.0870967741935484
2011-12-01,27,11,74,198,"Juveniles",0.0354838709677419
2011-12-01,27,11,74,198,"Subadults",0.238709677419355
2011-12-01,27,11,74,198,"Adults",0.638709677419355
2012-01-01,17,20,65,200,"Pups",0.0562913907284768
2012-01-01,17,20,65,200,"Juveniles",0.0662251655629139
2012-01-01,17,20,65,200,"Subadults",0.21523178807947
2012-01-01,17,20,65,200,"Adults",0.662251655629139
2012-02-01,47,21,37,228,"Pups",0.141141141141141
2012-02-01,47,21,37,228,"Juveniles",0.0630630630630631
2012-02-01,47,21,37,228,"Subadults",0.111111111111111
2012-02-01,47,21,37,228,"Adults",0.684684684684685
2012-03-01,54,19,26,250,"Pups",0.154727793696275
2012-03-01,54,19,26,250,"Juveniles",0.0544412607449857
2012-03-01,54,19,26,250,"Subadults",0.0744985673352436
2012-03-01,54,19,26,250,"Adults",0.716332378223496
2012-04-01,54,15,30,259,"Pups",0.150837988826816
2012-04-01,54,15,30,259,"Juveniles",0.0418994413407821
2012-04-01,54,15,30,259,"Subadults",0.0837988826815642
2012-04-01,54,15,30,259,"Adults",0.723463687150838
2012-05-01,29,34,26,267,"Pups",0.0814606741573034
2012-05-01,29,34,26,267,"Juveniles",0.0955056179775281
2012-05-01,29,34,26,267,"Subadults",0.0730337078651685
2012-05-01,29,34,26,267,"Adults",0.75
2012-06-01,8,44,28,259,"Pups",0.023598820058997
2012-06-01,8,44,28,259,"Juveniles",0.129793510324484
2012-06-01,8,44,28,259,"Subadults",0.0825958702064897
2012-06-01,8,44,28,259,"Adults",0.76401179941003
2012-07-01,0,45,31,244,"Pups",0
2012-07-01,0,45,31,244,"Juveniles",0.140625
2012-07-01,0,45,31,244,"Subadults",0.096875
2012-07-01,0,45,31,244,"Adults",0.7625
2012-08-01,0,23,49,245,"Pups",0
2012-08-01,0,23,49,245,"Juveniles",0.0725552050473186
2012-08-01,0,23,49,245,"Subadults",0.154574132492114
2012-08-01,0,23,49,245,"Adults",0.772870662460568
2012-09-01,0,7,54,236,"Pups",0
2012-09-01,0,7,54,236,"Juveniles",0.0235690235690236
2012-09-01,0,7,54,236,"Subadults",0.181818181818182
2012-09-01,0,7,54,236,"Adults",0.794612794612795
2012-10-01,20,0,52,243,"Pups",0.0634920634920635
2012-10-01,20,0,52,243,"Juveniles",0
2012-10-01,20,0,52,243,"Subadults",0.165079365079365
2012-10-01,20,0,52,243,"Adults",0.771428571428571
2012-11-01,35,0,52,198,"Pups",0.12280701754386
2012-11-01,35,0,52,198,"Juveniles",0
2012-11-01,35,0,52,198,"Subadults",0.182456140350877
2012-11-01,35,0,52,198,"Adults",0.694736842105263
2012-12-01,31,0,39,202,"Pups",0.113970588235294
2012-12-01,31,0,39,202,"Juveniles",0
2012-12-01,31,0,39,202,"Subadults",0.143382352941176
2012-12-01,31,0,39,202,"Adults",0.742647058823529
2013-01-01,26,13,36,184,"Pups",0.1003861003861
2013-01-01,26,13,36,184,"Juveniles",0.0501930501930502
2013-01-01,26,13,36,184,"Subadults",0.138996138996139
2013-01-01,26,13,36,184,"Adults",0.71042471042471
2013-02-01,8,24,18,191,"Pups",0.033195020746888
2013-02-01,8,24,18,191,"Juveniles",0.0995850622406639
2013-02-01,8,24,18,191,"Subadults",0.0746887966804979
2013-02-01,8,24,18,191,"Adults",0.79253112033195
2013-03-01,5,24,6,200,"Pups",0.0212765957446809
2013-03-01,5,24,6,200,"Juveniles",0.102127659574468
2013-03-01,5,24,6,200,"Subadults",0.025531914893617
2013-03-01,5,24,6,200,"Adults",0.851063829787234
2013-04-01,0,7,11,193,"Pups",0
2013-04-01,0,7,11,193,"Juveniles",0.033175355450237
2013-04-01,0,7,11,193,"Subadults",0.0521327014218009
2013-04-01,0,7,11,193,"Adults",0.914691943127962
2013-05-01,0,1,16,184,"Pups",0
2013-05-01,0,1,16,184,"Juveniles",0.00497512437810945
2013-05-01,0,1,16,184,"Subadults",0.0796019900497512
2013-05-01,0,1,16,184,"Adults",0.915422885572139
2013-06-01,0,1,16,178,"Pups",0
2013-06-01,0,1,16,178,"Juveniles",0.00512820512820513
2013-06-01,0,1,16,178,"Subadults",0.0820512820512821
2013-06-01,0,1,16,178,"Adults",0.912820512820513
2013-07-01,4,0,16,179,"Pups",0.0201005025125628
2013-07-01,4,0,16,179,"Juveniles",0
2013-07-01,4,0,16,179,"Subadults",0.0804020100502513
2013-07-01,4,0,16,179,"Adults",0.899497487437186
2013-08-01,5,0,16,165,"Pups",0.0268817204301075
2013-08-01,5,0,16,165,"Juveniles",0
2013-08-01,5,0,16,165,"Subadults",0.0860215053763441
2013-08-01,5,0,16,165,"Adults",0.887096774193548
2013-09-01,17,0,12,155,"Pups",0.0923913043478261
2013-09-01,17,0,12,155,"Juveniles",0
2013-09-01,17,0,12,155,"Subadults",0.0652173913043478
2013-09-01,17,0,12,155,"Adults",0.842391304347826
2013-10-01,28,0,3,145,"Pups",0.159090909090909
2013-10-01,28,0,3,145,"Juveniles",0
2013-10-01,28,0,3,145,"Subadults",0.0170454545454545
2013-10-01,28,0,3,145,"Adults",0.823863636363636
2013-11-01,28,4,0,125,"Pups",0.178343949044586
2013-11-01,28,4,0,125,"Juveniles",0.0254777070063694
2013-11-01,28,4,0,125,"Subadults",0
2013-11-01,28,4,0,125,"Adults",0.796178343949045
2013-12-01,38,6,0,111,"Pups",0.245161290322581
2013-12-01,38,6,0,111,"Juveniles",0.0387096774193548
2013-12-01,38,6,0,111,"Subadults",0
2013-12-01,38,6,0,111,"Adults",0.716129032258065
2014-01-01,79,20,0,115,"Pups",0.369158878504673
2014-01-01,79,20,0,115,"Juveniles",0.0934579439252336
2014-01-01,79,20,0,115,"Subadults",0
2014-01-01,79,20,0,115,"Adults",0.537383177570093
2014-02-01,91,18,4,107,"Pups",0.413636363636364
2014-02-01,91,18,4,107,"Juveniles",0.0818181818181818
2014-02-01,91,18,4,107,"Subadults",0.0181818181818182
2014-02-01,91,18,4,107,"Adults",0.486363636363636
2014-03-01,122,21,6,102,"Pups",0.48605577689243
2014-03-01,122,21,6,102,"Juveniles",0.0836653386454183
2014-03-01,122,21,6,102,"Subadults",0.0239043824701195
2014-03-01,122,21,6,102,"Adults",0.406374501992032
2014-04-01,109,29,18,97,"Pups",0.430830039525692
2014-04-01,109,29,18,97,"Juveniles",0.114624505928854
2014-04-01,109,29,18,97,"Subadults",0.0711462450592885
2014-04-01,109,29,18,97,"Adults",0.383399209486166
2014-05-01,98,37,21,95,"Pups",0.390438247011952
2014-05-01,98,37,21,95,"Juveniles",0.147410358565737
2014-05-01,98,37,21,95,"Subadults",0.0836653386454183
2014-05-01,98,37,21,95,"Adults",0.378486055776892
2014-06-01,88,47,25,91,"Pups",0.350597609561753
2014-06-01,88,47,25,91,"Juveniles",0.187250996015936
2014-06-01,88,47,25,91,"Subadults",0.099601593625498
2014-06-01,88,47,25,91,"Adults",0.362549800796813
2014-07-01,72,61,43,86,"Pups",0.274809160305344
2014-07-01,72,61,43,86,"Juveniles",0.232824427480916
2014-07-01,72,61,43,86,"Subadults",0.16412213740458
2014-07-01,72,61,43,86,"Adults",0.32824427480916
2014-08-01,53,62,52,81,"Pups",0.213709677419355
2014-08-01,53,62,52,81,"Juveniles",0.25
2014-08-01,53,62,52,81,"Subadults",0.209677419354839
2014-08-01,53,62,52,81,"Adults",0.326612903225806
2014-09-01,54,47,69,78,"Pups",0.217741935483871
2014-09-01,54,47,69,78,"Juveniles",0.189516129032258
2014-09-01,54,47,69,78,"Subadults",0.278225806451613
2014-09-01,54,47,69,78,"Adults",0.314516129032258
2014-10-01,41,36,86,81,"Pups",0.168032786885246
2014-10-01,41,36,86,81,"Juveniles",0.147540983606557
2014-10-01,41,36,86,81,"Subadults",0.352459016393443
2014-10-01,41,36,86,81,"Adults",0.331967213114754
2014-11-01,44,25,89,84,"Pups",0.181818181818182
2014-11-01,44,25,89,84,"Juveniles",0.103305785123967
2014-11-01,44,25,89,84,"Subadults",0.367768595041322
2014-11-01,44,25,89,84,"Adults",0.347107438016529
2014-12-01,58,26,90,84,"Pups",0.224806201550388
2014-12-01,58,26,90,84,"Juveniles",0.10077519379845
2014-12-01,58,26,90,84,"Subadults",0.348837209302326
2014-12-01,58,26,90,84,"Adults",0.325581395348837
2015-01-01,59,21,77,102,"Pups",0.227799227799228
2015-01-01,59,21,77,102,"Juveniles",0.0810810810810811
2015-01-01,59,21,77,102,"Subadults",0.297297297297297
2015-01-01,59,21,77,102,"Adults",0.393822393822394
2015-02-01,40,28,61,106,"Pups",0.170212765957447
2015-02-01,40,28,61,106,"Juveniles",0.119148936170213
2015-02-01,40,28,61,106,"Subadults",0.259574468085106
2015-02-01,40,28,61,106,"Adults",0.451063829787234
2015-03-01,53,25,55,120,"Pups",0.209486166007905
2015-03-01,53,25,55,120,"Juveniles",0.0988142292490119
2015-03-01,53,25,55,120,"Subadults",0.217391304347826
2015-03-01,53,25,55,120,"Adults",0.474308300395257
2015-04-01,37,28,45,128,"Pups",0.15546218487395
2015-04-01,37,28,45,128,"Juveniles",0.117647058823529
2015-04-01,37,28,45,128,"Subadults",0.189075630252101
2015-04-01,37,28,45,128,"Adults",0.53781512605042
2015-05-01,31,25,44,135,"Pups",0.131914893617021
2015-05-01,31,25,44,135,"Juveniles",0.106382978723404
2015-05-01,31,25,44,135,"Subadults",0.187234042553191
2015-05-01,31,25,44,135,"Adults",0.574468085106383
2015-06-01,22,22,48,134,"Pups",0.0973451327433628
2015-06-01,22,22,48,134,"Juveniles",0.0973451327433628
2015-06-01,22,22,48,134,"Subadults",0.212389380530973
2015-06-01,22,22,48,134,"Adults",0.592920353982301
2015-07-01,28,29,44,144,"Pups",0.114285714285714
2015-07-01,28,29,44,144,"Juveniles",0.118367346938776
2015-07-01,28,29,44,144,"Subadults",0.179591836734694
2015-07-01,28,29,44,144,"Adults",0.587755102040816
2015-08-01,43,30,46,133,"Pups",0.170634920634921
2015-08-01,43,30,46,133,"Juveniles",0.119047619047619
2015-08-01,43,30,46,133,"Subadults",0.182539682539683
2015-08-01,43,30,46,133,"Adults",0.527777777777778
2015-09-01,43,12,55,131,"Pups",0.178423236514523
2015-09-01,43,12,55,131,"Juveniles",0.0497925311203319
2015-09-01,43,12,55,131,"Subadults",0.228215767634855
2015-09-01,43,12,55,131,"Adults",0.54356846473029
2015-10-01,67,14,49,119,"Pups",0.269076305220884
2015-10-01,67,14,49,119,"Juveniles",0.0562248995983936
2015-10-01,67,14,49,119,"Subadults",0.196787148594378
2015-10-01,67,14,49,119,"Adults",0.477911646586345
2015-11-01,49,17,47,126,"Pups",0.205020920502092
2015-11-01,49,17,47,126,"Juveniles",0.0711297071129707
2015-11-01,49,17,47,126,"Subadults",0.196652719665272
2015-11-01,49,17,47,126,"Adults",0.527196652719665
2015-12-01,32,25,40,124,"Pups",0.144796380090498
2015-12-01,32,25,40,124,"Juveniles",0.113122171945701
2015-12-01,32,25,40,124,"Subadults",0.180995475113122
2015-12-01,32,25,40,124,"Adults",0.561085972850679
2016-01-01,0,22,29,116,"Pups",0
2016-01-01,0,22,29,116,"Juveniles",0.131736526946108
2016-01-01,0,22,29,116,"Subadults",0.173652694610778
2016-01-01,0,22,29,116,"Adults",0.694610778443114
2016-02-01,0,10,30,105,"Pups",0
2016-02-01,0,10,30,105,"Juveniles",0.0689655172413793
2016-02-01,0,10,30,105,"Subadults",0.206896551724138
2016-02-01,0,10,30,105,"Adults",0.724137931034483
2016-03-01,4,0,36,86,"Pups",0.0317460317460317
2016-03-01,4,0,36,86,"Juveniles",0
2016-03-01,4,0,36,86,"Subadults",0.285714285714286
2016-03-01,4,0,36,86,"Adults",0.682539682539683
2016-04-01,6,0,20,87,"Pups",0.0530973451327434
2016-04-01,6,0,20,87,"Juveniles",0
2016-04-01,6,0,20,87,"Subadults",0.176991150442478
2016-04-01,6,0,20,87,"Adults",0.769911504424779
2016-05-01,33,0,15,90,"Pups",0.239130434782609
2016-05-01,33,0,15,90,"Juveniles",0
2016-05-01,33,0,15,90,"Subadults",0.108695652173913
2016-05-01,33,0,15,90,"Adults",0.652173913043478
2016-06-01,31,1,14,86,"Pups",0.234848484848485
2016-06-01,31,1,14,86,"Juveniles",0.00757575757575758
2016-06-01,31,1,14,86,"Subadults",0.106060606060606
2016-06-01,31,1,14,86,"Adults",0.651515151515151
2016-07-01,39,0,8,77,"Pups",0.314516129032258
2016-07-01,39,0,8,77,"Juveniles",0
2016-07-01,39,0,8,77,"Subadults",0.0645161290322581
2016-07-01,39,0,8,77,"Adults",0.620967741935484
2016-08-01,26,22,4,67,"Pups",0.218487394957983
2016-08-01,26,22,4,67,"Juveniles",0.184873949579832
2016-08-01,26,22,4,67,"Subadults",0.0336134453781513
2016-08-01,26,22,4,67,"Adults",0.563025210084034
2016-09-01,29,25,0,69,"Pups",0.235772357723577
2016-09-01,29,25,0,69,"Juveniles",0.203252032520325
2016-09-01,29,25,0,69,"Subadults",0
2016-09-01,29,25,0,69,"Adults",0.560975609756098
2016-10-01,38,25,0,68,"Pups",0.290076335877863
2016-10-01,38,25,0,68,"Juveniles",0.190839694656489
2016-10-01,38,25,0,68,"Subadults",0
2016-10-01,38,25,0,68,"Adults",0.519083969465649
2016-11-01,19,18,24,61,"Pups",0.155737704918033
2016-11-01,19,18,24,61,"Juveniles",0.147540983606557
2016-11-01,19,18,24,61,"Subadults",0.19672131147541
2016-11-01,19,18,24,61,"Adults",0.5
2016-12-01,27,18,23,56,"Pups",0.217741935483871
2016-12-01,27,18,23,56,"Juveniles",0.145161290322581
2016-12-01,27,18,23,56,"Subadults",0.185483870967742
2016-12-01,27,18,23,56,"Adults",0.451612903225806
2017-01-01,39,27,20,51,"Pups",0.284671532846715
2017-01-01,39,27,20,51,"Juveniles",0.197080291970803
2017-01-01,39,27,20,51,"Subadults",0.145985401459854
2017-01-01,39,27,20,51,"Adults",0.372262773722628
2017-02-01,48,13,38,46,"Pups",0.331034482758621
2017-02-01,48,13,38,46,"Juveniles",0.0896551724137931
2017-02-01,48,13,38,46,"Subadults",0.262068965517241
2017-02-01,48,13,38,46,"Adults",0.317241379310345
2017-03-01,52,25,37,40,"Pups",0.337662337662338
2017-03-01,52,25,37,40,"Juveniles",0.162337662337662
2017-03-01,52,25,37,40,"Subadults",0.24025974025974
2017-03-01,52,25,37,40,"Adults",0.25974025974026
2017-04-01,45,26,44,41,"Pups",0.288461538461538
2017-04-01,45,26,44,41,"Juveniles",0.166666666666667
2017-04-01,45,26,44,41,"Subadults",0.282051282051282
2017-04-01,45,26,44,41,"Adults",0.262820512820513
2017-05-01,26,37,33,57,"Pups",0.169934640522876
2017-05-01,26,37,33,57,"Juveniles",0.241830065359477
2017-05-01,26,37,33,57,"Subadults",0.215686274509804
2017-05-01,26,37,33,57,"Adults",0.372549019607843
2017-06-01,13,38,41,58,"Pups",0.0866666666666667
2017-06-01,13,38,41,58,"Juveniles",0.253333333333333
2017-06-01,13,38,41,58,"Subadults",0.273333333333333
2017-06-01,13,38,41,58,"Adults",0.386666666666667
2017-07-01,9,31,51,54,"Pups",0.0620689655172414
2017-07-01,9,31,51,54,"Juveniles",0.213793103448276
2017-07-01,9,31,51,54,"Subadults",0.351724137931034
2017-07-01,9,31,51,54,"Adults",0.372413793103448
2017-08-01,2,23,45,70,"Pups",0.0142857142857143
2017-08-01,2,23,45,70,"Juveniles",0.164285714285714
2017-08-01,2,23,45,70,"Subadults",0.321428571428571
2017-08-01,2,23,45,70,"Adults",0.5
2017-09-01,12,12,59,65,"Pups",0.0810810810810811
2017-09-01,12,12,59,65,"Juveniles",0.0810810810810811
2017-09-01,12,12,59,65,"Subadults",0.398648648648649
2017-09-01,12,12,59,65,"Adults",0.439189189189189
2017-10-01,9,8,54,68,"Pups",0.0647482014388489
2017-10-01,9,8,54,68,"Juveniles",0.0575539568345324
2017-10-01,9,8,54,68,"Subadults",0.388489208633094
2017-10-01,9,8,54,68,"Adults",0.489208633093525
2017-11-01,21,2,56,67,"Pups",0.143835616438356
2017-11-01,21,2,56,67,"Juveniles",0.0136986301369863
2017-11-01,21,2,56,67,"Subadults",0.383561643835616
2017-11-01,21,2,56,67,"Adults",0.458904109589041
2017-12-01,14,5,45,75,"Pups",0.100719424460432
2017-12-01,14,5,45,75,"Juveniles",0.0359712230215827
2017-12-01,14,5,45,75,"Subadults",0.323741007194245
2017-12-01,14,5,45,75,"Adults",0.539568345323741
2018-01-01,19,7,36,79,"Pups",0.134751773049645
2018-01-01,19,7,36,79,"Juveniles",0.049645390070922
2018-01-01,19,7,36,79,"Subadults",0.25531914893617
2018-01-01,19,7,36,79,"Adults",0.560283687943262
2018-02-01,24,7,21,89,"Pups",0.170212765957447
2018-02-01,24,7,21,89,"Juveniles",0.049645390070922
2018-02-01,24,7,21,89,"Subadults",0.148936170212766
2018-02-01,24,7,21,89,"Adults",0.631205673758865
2018-03-01,20,8,18,96,"Pups",0.140845070422535
2018-03-01,20,8,18,96,"Juveniles",0.0563380281690141
2018-03-01,20,8,18,96,"Subadults",0.126760563380282
2018-03-01,20,8,18,96,"Adults",0.676056338028169
2018-04-01,21,6,15,89,"Pups",0.16030534351145
2018-04-01,21,6,15,89,"Juveniles",0.0458015267175573
2018-04-01,21,6,15,89,"Subadults",0.114503816793893
2018-04-01,21,6,15,89,"Adults",0.679389312977099
2018-05-01,34,12,9,93,"Pups",0.22972972972973
2018-05-01,34,12,9,93,"Juveniles",0.0810810810810811
2018-05-01,34,12,9,93,"Subadults",0.0608108108108108
2018-05-01,34,12,9,93,"Adults",0.628378378378378
2018-06-01,33,13,13,95,"Pups",0.214285714285714
2018-06-01,33,13,13,95,"Juveniles",0.0844155844155844
2018-06-01,33,13,13,95,"Subadults",0.0844155844155844
2018-06-01,33,13,13,95,"Adults",0.616883116883117
2018-07-01,31,11,12,92,"Pups",0.212328767123288
2018-07-01,31,11,12,92,"Juveniles",0.0753424657534247
2018-07-01,31,11,12,92,"Subadults",0.0821917808219178
2018-07-01,31,11,12,92,"Adults",0.63013698630137
2018-08-01,23,29,15,84,"Pups",0.152317880794702
2018-08-01,23,29,15,84,"Juveniles",0.19205298013245
2018-08-01,23,29,15,84,"Subadults",0.0993377483443709
2018-08-01,23,29,15,84,"Adults",0.556291390728477
2018-09-01,12,27,21,82,"Pups",0.0845070422535211
2018-09-01,12,27,21,82,"Juveniles",0.190140845070423
2018-09-01,12,27,21,82,"Subadults",0.147887323943662
2018-09-01,12,27,21,82,"Adults",0.577464788732394
2018-10-01,17,28,16,80,"Pups",0.120567375886525
2018-10-01,17,28,16,80,"Juveniles",0.198581560283688
2018-10-01,17,28,16,80,"Subadults",0.113475177304965
2018-10-01,17,28,16,80,"Adults",0.567375886524823
2018-11-01,10,15,31,75,"Pups",0.0763358778625954
2018-11-01,10,15,31,75,"Juveniles",0.114503816793893
2018-11-01,10,15,31,75,"Subadults",0.236641221374046
2018-11-01,10,15,31,75,"Adults",0.572519083969466
2018-12-01,20,8,32,73,"Pups",0.150375939849624
2018-12-01,20,8,32,73,"Juveniles",0.0601503759398496
2018-12-01,20,8,32,73,"Subadults",0.240601503759398
2018-12-01,20,8,32,73,"Adults",0.548872180451128
2019-01-01,21,10,34,73,"Pups",0.152173913043478
2019-01-01,21,10,34,73,"Juveniles",0.072463768115942
2019-01-01,21,10,34,73,"Subadults",0.246376811594203
2019-01-01,21,10,34,73,"Adults",0.528985507246377
2019-02-01,22,4,39,69,"Pups",0.164179104477612
2019-02-01,22,4,39,69,"Juveniles",0.0298507462686567
2019-02-01,22,4,39,69,"Subadults",0.291044776119403
2019-02-01,22,4,39,69,"Adults",0.514925373134328
2019-03-01,40,4,31,70,"Pups",0.275862068965517
2019-03-01,40,4,31,70,"Juveniles",0.0275862068965517
2019-03-01,40,4,31,70,"Subadults",0.213793103448276
2019-03-01,40,4,31,70,"Adults",0.482758620689655
2019-04-01,36,10,32,66,"Pups",0.25
2019-04-01,36,10,32,66,"Juveniles",0.0694444444444444
2019-04-01,36,10,32,66,"Subadults",0.222222222222222
2019-04-01,36,10,32,66,"Adults",0.458333333333333
2019-05-01,51,13,21,71,"Pups",0.326923076923077
2019-05-01,51,13,21,71,"Juveniles",0.0833333333333333
2019-05-01,51,13,21,71,"Subadults",0.134615384615385
2019-05-01,51,13,21,71,"Adults",0.455128205128205
2019-06-01,44,18,15,72,"Pups",0.295302013422819
2019-06-01,44,18,15,72,"Juveniles",0.120805369127517
2019-06-01,44,18,15,72,"Subadults",0.100671140939597
2019-06-01,44,18,15,72,"Adults",0.483221476510067
2019-07-01,27,32,18,73,"Pups",0.18
2019-07-01,27,32,18,73,"Juveniles",0.213333333333333
2019-07-01,27,32,18,73,"Subadults",0.12
2019-07-01,27,32,18,73,"Adults",0.486666666666667
2019-08-01,11,41,17,78,"Pups",0.0748299319727891
2019-08-01,11,41,17,78,"Juveniles",0.27891156462585
2019-08-01,11,41,17,78,"Subadults",0.115646258503401
2019-08-01,11,41,17,78,"Adults",0.530612244897959
2019-09-01,10,34,22,74,"Pups",0.0714285714285714
2019-09-01,10,34,22,74,"Juveniles",0.242857142857143
2019-09-01,10,34,22,74,"Subadults",0.157142857142857
2019-09-01,10,34,22,74,"Adults",0.528571428571429
2019-10-01,7,19,33,77,"Pups",0.0514705882352941
2019-10-01,7,19,33,77,"Juveniles",0.139705882352941
2019-10-01,7,19,33,77,"Subadults",0.242647058823529
2019-10-01,7,19,33,77,"Adults",0.566176470588235
2019-11-01,17,9,46,65,"Pups",0.124087591240876
2019-11-01,17,9,46,65,"Juveniles",0.0656934306569343
2019-11-01,17,9,46,65,"Subadults",0.335766423357664
2019-11-01,17,9,46,65,"Adults",0.474452554744526
2019-12-01,22,6,50,59,"Pups",0.160583941605839
2019-12-01,22,6,50,59,"Juveniles",0.0437956204379562
2019-12-01,22,6,50,59,"Subadults",0.364963503649635
2019-12-01,22,6,50,59,"Adults",0.430656934306569
2020-01-01,39,6,41,71,"Pups",0.248407643312102
2020-01-01,39,6,41,71,"Juveniles",0.0382165605095541
2020-01-01,39,6,41,71,"Subadults",0.261146496815287
2020-01-01,39,6,41,71,"Adults",0.452229299363057
2020-02-01,45,5,44,58,"Pups",0.296052631578947
2020-02-01,45,5,44,58,"Juveniles",0.0328947368421053
2020-02-01,45,5,44,58,"Subadults",0.289473684210526
2020-02-01,45,5,44,58,"Adults",0.381578947368421
2020-03-01,39,20,42,62,"Pups",0.239263803680982
2020-03-01,39,20,42,62,"Juveniles",0.122699386503067
2020-03-01,39,20,42,62,"Subadults",0.257668711656442
2020-03-01,39,20,42,62,"Adults",0.380368098159509
2020-04-01,27,31,20,85,"Pups",0.165644171779141
2020-04-01,27,31,20,85,"Juveniles",0.190184049079755
2020-04-01,27,31,20,85,"Subadults",0.122699386503067
2020-04-01,27,31,20,85,"Adults",0.521472392638037
2020-05-01,42,35,11,97,"Pups",0.227027027027027
2020-05-01,42,35,11,97,"Juveniles",0.189189189189189
2020-05-01,42,35,11,97,"Subadults",0.0594594594594595
2020-05-01,42,35,11,97,"Adults",0.524324324324324
2020-06-01,46,22,26,100,"Pups",0.237113402061856
2020-06-01,46,22,26,100,"Juveniles",0.11340206185567
2020-06-01,46,22,26,100,"Subadults",0.134020618556701
2020-06-01,46,22,26,100,"Adults",0.515463917525773
2020-07-01,39,19,34,101,"Pups",0.202072538860104
2020-07-01,39,19,34,101,"Juveniles",0.0984455958549223
2020-07-01,39,19,34,101,"Subadults",0.176165803108808
2020-07-01,39,19,34,101,"Adults",0.523316062176166
2020-08-01,6,36,39,102,"Pups",0.0327868852459016
2020-08-01,6,36,39,102,"Juveniles",0.19672131147541
2020-08-01,6,36,39,102,"Subadults",0.213114754098361
2020-08-01,6,36,39,102,"Adults",0.557377049180328
2020-09-01,4,34,40,104,"Pups",0.021978021978022
2020-09-01,4,34,40,104,"Juveniles",0.186813186813187
2020-09-01,4,34,40,104,"Subadults",0.21978021978022
2020-09-01,4,34,40,104,"Adults",0.571428571428571
2020-10-01,9,26,47,102,"Pups",0.0489130434782609
2020-10-01,9,26,47,102,"Juveniles",0.141304347826087
2020-10-01,9,26,47,102,"Subadults",0.255434782608696
2020-10-01,9,26,47,102,"Adults",0.554347826086957
2020-11-01,22,3,68,95,"Pups",0.117021276595745
2020-11-01,22,3,68,95,"Juveniles",0.0159574468085106
2020-11-01,22,3,68,95,"Subadults",0.361702127659574
2020-11-01,22,3,68,95,"Adults",0.50531914893617
2020-12-01,36,3,50,89,"Pups",0.202247191011236
2020-12-01,36,3,50,89,"Juveniles",0.0168539325842697
2020-12-01,36,3,50,89,"Subadults",0.280898876404494
2020-12-01,36,3,50,89,"Adults",0.5
2021-01-01,41,6,42,83,"Pups",0.238372093023256
2021-01-01,41,6,42,83,"Juveniles",0.0348837209302326
2021-01-01,41,6,42,83,"Subadults",0.244186046511628
2021-01-01,41,6,42,83,"Adults",0.482558139534884
2021-02-01,60,14,35,87,"Pups",0.306122448979592
2021-02-01,60,14,35,87,"Juveniles",0.0714285714285714
2021-02-01,60,14,35,87,"Subadults",0.178571428571429
2021-02-01,60,14,35,87,"Adults",0.443877551020408
2021-03-01,62,28,35,88,"Pups",0.291079812206573
2021-03-01,62,28,35,88,"Juveniles",0.131455399061033
2021-03-01,62,28,35,88,"Subadults",0.164319248826291
2021-03-01,62,28,35,88,"Adults",0.413145539906103
2021-04-01,60,31,29,98,"Pups",0.275229357798165
2021-04-01,60,31,29,98,"Juveniles",0.142201834862385
2021-04-01,60,31,29,98,"Subadults",0.13302752293578
2021-04-01,60,31,29,98,"Adults",0.44954128440367
2021-05-01,38,43,19,119,"Pups",0.17351598173516
2021-05-01,38,43,19,119,"Juveniles",0.19634703196347
2021-05-01,38,43,19,119,"Subadults",0.0867579908675799
2021-05-01,38,43,19,119,"Adults",0.54337899543379
2021-06-01,13,51,31,123,"Pups",0.0596330275229358
2021-06-01,13,51,31,123,"Juveniles",0.23394495412844
2021-06-01,13,51,31,123,"Subadults",0.142201834862385
2021-06-01,13,51,31,123,"Adults",0.564220183486238
2021-07-01,7,52,37,121,"Pups",0.032258064516129
2021-07-01,7,52,37,121,"Juveniles",0.23963133640553
2021-07-01,7,52,37,121,"Subadults",0.170506912442396
2021-07-01,7,52,37,121,"Adults",0.557603686635945
2021-08-01,13,36,55,122,"Pups",0.0575221238938053
2021-08-01,13,36,55,122,"Juveniles",0.15929203539823
2021-08-01,13,36,55,122,"Subadults",0.243362831858407
2021-08-01,13,36,55,122,"Adults",0.539823008849557
2021-09-01,14,12,76,122,"Pups",0.0625
2021-09-01,14,12,76,122,"Juveniles",0.0535714285714286
2021-09-01,14,12,76,122,"Subadults",0.339285714285714
2021-09-01,14,12,76,122,"Adults",0.544642857142857
2021-10-01,17,4,80,123,"Pups",0.0758928571428571
2021-10-01,17,4,80,123,"Juveniles",0.0178571428571429
2021-10-01,17,4,80,123,"Subadults",0.357142857142857
2021-10-01,17,4,80,123,"Adults",0.549107142857143
2021-11-01,8,11,73,119,"Pups",0.037914691943128
2021-11-01,8,11,73,119,"Juveniles",0.0521327014218009
2021-11-01,8,11,73,119,"Subadults",0.345971563981043
2021-11-01,8,11,73,119,"Adults",0.563981042654028
2021-12-01,21,11,56,128,"Pups",0.0972222222222222
2021-12-01,21,11,56,128,"Juveniles",0.0509259259259259
2021-12-01,21,11,56,128,"Subadults",0.259259259259259
2021-12-01,21,11,56,128,"Adults",0.592592592592593
2022-01-01,31,10,47,122,"Pups",0.147619047619048
2022-01-01,31,10,47,122,"Juveniles",0.0476190476190476
2022-01-01,31,10,47,122,"Subadults",0.223809523809524
2022-01-01,31,10,47,122,"Adults",0.580952380952381
2022-02-01,63,1,40,127,"Pups",0.272727272727273
2022-02-01,63,1,40,127,"Juveniles",0.00432900432900433
2022-02-01,63,1,40,127,"Subadults",0.173160173160173
2022-02-01,63,1,40,127,"Adults",0.54978354978355
2022-03-01,87,12,21,137,"Pups",0.33852140077821
2022-03-01,87,12,21,137,"Juveniles",0.0466926070038911
2022-03-01,87,12,21,137,"Subadults",0.0817120622568093
2022-03-01,87,12,21,137,"Adults",0.533073929961089
2022-04-01,74,25,13,133,"Pups",0.302040816326531
2022-04-01,74,25,13,133,"Juveniles",0.102040816326531
2022-04-01,74,25,13,133,"Subadults",0.0530612244897959
2022-04-01,74,25,13,133,"Adults",0.542857142857143
2022-05-01,57,55,12,142,"Pups",0.214285714285714
2022-05-01,57,55,12,142,"Juveniles",0.206766917293233
2022-05-01,57,55,12,142,"Subadults",0.0451127819548872
2022-05-01,57,55,12,142,"Adults",0.533834586466165
2022-06-01,27,71,15,141,"Pups",0.106299212598425
2022-06-01,27,71,15,141,"Juveniles",0.279527559055118
2022-06-01,27,71,15,141,"Subadults",0.0590551181102362
2022-06-01,27,71,15,141,"Adults",0.55511811023622
2022-07-01,14,71,29,133,"Pups",0.0566801619433198
2022-07-01,14,71,29,133,"Juveniles",0.287449392712551
2022-07-01,14,71,29,133,"Subadults",0.117408906882591
2022-07-01,14,71,29,133,"Adults",0.538461538461538
2022-08-01,13,45,49,122,"Pups",0.0567685589519651
2022-08-01,13,45,49,122,"Juveniles",0.196506550218341
2022-08-01,13,45,49,122,"Subadults",0.213973799126638
2022-08-01,13,45,49,122,"Adults",0.532751091703057
2022-09-01,31,15,76,115,"Pups",0.130801687763713
2022-09-01,31,15,76,115,"Juveniles",0.0632911392405063
2022-09-01,31,15,76,115,"Subadults",0.320675105485232
2022-09-01,31,15,76,115,"Adults",0.485232067510549
2022-10-01,44,12,81,114,"Pups",0.175298804780877
2022-10-01,44,12,81,114,"Juveniles",0.047808764940239
2022-10-01,44,12,81,114,"Subadults",0.322709163346614
2022-10-01,44,12,81,114,"Adults",0.454183266932271
2022-11-01,42,4,85,107,"Pups",0.176470588235294
2022-11-01,42,4,85,107,"Juveniles",0.0168067226890756
2022-11-01,42,4,85,107,"Subadults",0.357142857142857
2022-11-01,42,4,85,107,"Adults",0.449579831932773
2022-12-01,31,19,81,104,"Pups",0.131914893617021
2022-12-01,31,19,81,104,"Juveniles",0.0808510638297872
2022-12-01,31,19,81,104,"Subadults",0.34468085106383
2022-12-01,31,19,81,104,"Adults",0.442553191489362
2023-01-01,35,30,70,107,"Pups",0.144628099173554
2023-01-01,35,30,70,107,"Juveniles",0.12396694214876
2023-01-01,35,30,70,107,"Subadults",0.289256198347107
2023-01-01,35,30,70,107,"Adults",0.442148760330579
2023-02-01,48,33,41,139,"Pups",0.183908045977011
2023-02-01,48,33,41,139,"Juveniles",0.126436781609195
2023-02-01,48,33,41,139,"Subadults",0.157088122605364
2023-02-01,48,33,41,139,"Adults",0.532567049808429
2023-03-01,51,26,35,155,"Pups",0.191011235955056
2023-03-01,51,26,35,155,"Juveniles",0.0973782771535581
2023-03-01,51,26,35,155,"Subadults",0.131086142322097
2023-03-01,51,26,35,155,"Adults",0.580524344569288
2023-04-01,46,20,37,163,"Pups",0.172932330827068
2023-04-01,46,20,37,163,"Juveniles",0.075187969924812
2023-04-01,46,20,37,163,"Subadults",0.139097744360902
2023-04-01,46,20,37,163,"Adults",0.612781954887218
2023-05-01,28,34,34,166,"Pups",0.106870229007634
2023-05-01,28,34,34,166,"Juveniles",0.129770992366412
2023-05-01,28,34,34,166,"Subadults",0.129770992366412
2023-05-01,28,34,34,166,"Adults",0.633587786259542
2023-06-01,12,34,37,160,"Pups",0.0493827160493827
2023-06-01,12,34,37,160,"Juveniles",0.139917695473251
2023-06-01,12,34,37,160,"Subadults",0.152263374485597
2023-06-01,12,34,37,160,"Adults",0.65843621399177
2023-07-01,2,35,42,158,"Pups",0.00843881856540084
2023-07-01,2,35,42,158,"Juveniles",0.147679324894515
2023-07-01,2,35,42,158,"Subadults",0.177215189873418
2023-07-01,2,35,42,158,"Adults",0.666666666666667
2023-08-01,4,18,57,158,"Pups",0.0168776371308017
2023-08-01,4,18,57,158,"Juveniles",0.0759493670886076
2023-08-01,4,18,57,158,"Subadults",0.240506329113924
2023-08-01,4,18,57,158,"Adults",0.666666666666667
2023-09-01,8,11,54,166,"Pups",0.0334728033472803
2023-09-01,8,11,54,166,"Juveniles",0.0460251046025105
2023-09-01,8,11,54,166,"Subadults",0.225941422594142
2023-09-01,8,11,54,166,"Adults",0.694560669456067
2023-10-01,23,2,54,169,"Pups",0.092741935483871
2023-10-01,23,2,54,169,"Juveniles",0.00806451612903226
2023-10-01,23,2,54,169,"Subadults",0.217741935483871
2023-10-01,23,2,54,169,"Adults",0.681451612903226
2023-11-01,36,2,52,130,"Pups",0.163636363636364
2023-11-01,36,2,52,130,"Juveniles",0.00909090909090909
2023-11-01,36,2,52,130,"Subadults",0.236363636363636
2023-11-01,36,2,52,130,"Adults",0.590909090909091
2023-12-01,51,3,44,125,"Pups",0.228699551569507
2023-12-01,51,3,44,125,"Juveniles",0.0134529147982063
2023-12-01,51,3,44,125,"Subadults",0.197309417040359
2023-12-01,51,3,44,125,"Adults",0.560538116591928
