date,SPEI_1,SPEI_2,SPEI_3,SPEI_4,SPEI_5,SPEI_6,SPEI_7,SPEI_8,SPEI_9,SPEI_10,SPEI_11,SPEI_12
01/01/1950,-0.6368,,,,,,,,,,,
01/02/1950,-0.16997,-0.51443,,,,,,,,,,
01/03/1950,0.90782,0.49965,0.02884,,,,,,,,,
01/04/1950,1.77325,1.55049,1.16206,0.63872,,,,,,,,
01/05/1950,1.85743,2.0564,1.79686,1.43409,0.89704,,,,,,,
01/06/1950,0.74932,1.78643,2.06059,1.81449,1.44267,0.91082,,,,,,
01/07/1950,-0.56218,0.27031,1.68289,2.02038,1.79581,1.42051,0.88684,,,,,
01/08/1950,-0.51729,-0.73076,-0.14986,1.50819,1.96894,1.76391,1.38001,0.85921,,,,
01/09/1950,-0.15676,-0.34516,-0.47138,-0.28462,1.3371,1.96287,1.73742,1.33326,0.8324,,,
01/10/1950,-0.14185,-0.27861,-0.38668,-0.47743,-0.33812,0.90006,1.81,1.67325,1.26802,0.79577,,
01/11/1950,-0.37394,-0.41593,-0.40939,-0.48767,-0.52696,-0.44804,0.40265,1.47347,1.4587,1.13089,0.69846,
01/12/1950,0.7915,0.4059,0.28967,0.2188,0.12763,0.07467,0.09642,0.69051,1.52279,1.52813,1.24192,0.82044
01/01/1951,0.19399,0.49571,0.32275,0.27707,0.20726,0.14983,0.11721,0.14431,0.56473,1.13485,1.23103,1.05368
01/02/1951,-0.59865,-0.22377,0.16642,0.0363,0.00333,-0.0402,-0.08981,-0.12044,-0.09056,0.27619,0.80941,0.95301
01/03/1951,0.19062,-0.30019,-0.13617,0.17247,0.06565,0.03842,0.00078,-0.03878,-0.06706,-0.045,0.27572,0.73343
01/04/1951,-0.33864,-0.1426,-0.47437,-0.2887,0.02841,-0.05759,-0.08343,-0.11133,-0.1459,-0.17069,-0.14897,0.16249
01/05/1951,0.63837,-0.09217,-0.02655,-0.36257,-0.2275,0.06744,-0.0119,-0.03785,-0.06574,-0.09889,-0.12294,-0.10146
01/06/1951,-0.50406,0.36925,-0.21106,-0.10291,-0.4162,-0.26778,0.02724,-0.05295,-0.08048,-0.1071,-0.14018,-0.16413
01/07/1951,0.224,-0.26146,0.38692,-0.18984,-0.09849,-0.41029,-0.26314,0.02934,-0.05051,-0.07811,-0.10453,-0.13744
01/08/1951,-0.7675,-0.46714,-0.67592,0.00981,-0.34973,-0.19433,-0.48005,-0.31369,-0.01654,-0.09673,-0.12387,-0.14923
01/09/1951,0.04853,-0.26185,-0.18461,-0.45741,-0.16895,-0.37835,-0.21057,-0.46752,-0.30649,-0.00378,-0.08511,-0.11225
01/10/1951,0.59299,0.42044,0.1913,0.2003,-0.00605,0.14097,-0.14892,-0.10291,-0.32723,-0.21733,0.05066,-0.02665
01/11/1951,-1.05384,-0.50747,-0.4152,-0.53181,-0.47654,-0.59778,-0.48652,-0.60829,-0.43377,-0.61149,-0.4352,-0.1405
01/12/1951,-1.74539,-1.81637,-1.39011,-1.30239,-1.32126,-1.27055,-1.29534,-1.17799,-1.25465,-1.00945,-1.16271,-0.90595
01/01/1952,-1.388,-1.93057,-2.11667,-1.8337,-1.66621,-1.67648,-1.65326,-1.67997,-1.63591,-1.66955,-1.39874,-1.51485
01/02/1952,0.32345,-0.59611,-1.22915,-1.49234,-1.2996,-1.21539,-1.25826,-1.24122,-1.27991,-1.22423,-1.29937,-1.13799
01/03/1952,-1.34748,-0.59038,-1.07182,-1.54138,-1.7354,-1.60839,-1.51337,-1.54235,-1.52178,-1.55439,-1.53019,-1.54119
01/04/1952,-1.06353,-1.46554,-0.97477,-1.27603,-1.66553,-1.86019,-1.76999,-1.66739,-1.69265,-1.67568,-1.71384,-1.71962
01/05/1952,-0.55635,-1.13916,-1.48118,-1.06298,-1.32379,-1.68042,-1.87668,-1.7895,-1.70178,-1.72767,-1.71275,-1.75572
01/06/1952,-1.92462,-1.38673,-1.46202,-1.6272,-1.18764,-1.40601,-1.74749,-1.92848,-1.84381,-1.75767,-1.78086,-1.76524
01/07/1952,0.99927,-0.4655,-0.83079,-1.29223,-1.53954,-1.11518,-1.34806,-1.68321,-1.85503,-1.77117,-1.69122,-1.71504
01/08/1952,-0.62305,0.11644,-0.74775,-1.03123,-1.46769,-1.60921,-1.17172,-1.39825,-1.72558,-1.88429,-1.80901,-1.72471
01/09/1952,0.17368,-0.10279,0.18914,-0.41277,-0.81926,-1.35041,-1.54318,-1.11983,-1.36683,-1.71823,-1.86394,-1.78682
01/10/1952,-1.01269,-0.71155,-0.80817,-0.57265,-0.89955,-1.14485,-1.50342,-1.64,-1.30924,-1.51971,-1.83921,-1.98905
01/11/1952,0.4174,-0.26841,-0.1447,-0.25794,-0.11011,-0.39687,-0.64557,-1.06633,-1.39011,-1.08931,-1.35149,-1.66006
01/12/1952,-0.41701,-0.12583,-0.47195,-0.41353,-0.48367,-0.38463,-0.57935,-0.74231,-1.12346,-1.42975,-1.21166,-1.4522
01/01/1953,-1.7908,-1.41885,-1.08903,-1.29317,-1.17966,-1.20355,-1.12703,-1.25081,-1.41175,-1.68857,-1.91703,-1.66669
01/02/1953,-0.06083,-1.09878,-1.09532,-0.87972,-1.07807,-0.99553,-1.03556,-0.97222,-1.08357,-1.21532,-1.49284,-1.84179
01/03/1953,-0.31554,-0.26786,-1.00622,-1.01269,-0.85511,-1.03634,-0.97374,-1.00758,-0.95448,-1.05452,-1.17765,-1.39543
01/04/1953,1.5065,0.72513,0.50048,-0.27206,-0.3309,-0.24645,-0.39658,-0.37451,-0.41268,-0.37293,-0.46678,-0.55971
01/05/1953,-0.79979,1.12287,0.49584,0.33855,-0.39101,-0.43886,-0.34897,-0.4978,-0.47276,-0.50878,-0.46901,-0.56252
01/06/1953,-0.22459,-0.9146,1.05886,0.44299,0.29803,-0.41554,-0.46225,-0.37462,-0.52281,-0.49809,-0.53371,-0.49461
01/07/1953,-0.09834,-0.26677,-0.91159,1.03494,0.42426,0.28201,-0.42409,-0.46897,-0.38084,-0.52759,-0.50286,-0.53814
01/08/1953,1.04156,0.75019,0.36341,-0.32473,1.16152,0.52026,0.36389,-0.35338,-0.40694,-0.32262,-0.46754,-0.44556
01/09/1953,-0.7682,-0.1311,-0.15216,-0.3551,-0.8763,0.93675,0.34293,0.23445,-0.44734,-0.48609,-0.39586,-0.54262
01/10/1953,-1.44025,-1.52511,-1.11059,-1.07167,-1.08937,-1.36419,0.30763,-0.07039,-0.05185,-0.67604,-0.70842,-0.60675
01/11/1953,-0.57431,-1.18509,-1.37761,-1.08706,-1.04956,-1.07216,-1.25849,-0.02413,-0.25653,-0.2247,-0.77394,-0.79144
01/12/1953,0.99379,0.50616,-0.02116,-0.22783,-0.09475,-0.10709,-0.19304,-0.41436,0.4281,0.15068,0.11596,-0.4682
01/01/1954,-0.30824,0.33695,0.10779,-0.20368,-0.35864,-0.26188,-0.26834,-0.31697,-0.4862,0.17164,-0.01342,-0.07051
01/02/1954,-0.119,-0.28089,0.22943,0.04957,-0.21057,-0.33081,-0.25775,-0.26696,-0.30402,-0.44446,0.1084,-0.02108
01/03/1954,2.16466,1.58952,1.05567,1.14007,1.02375,0.87656,0.78558,0.81805,0.80777,0.78245,0.71594,0.98582
01/04/1954,0.06561,1.79503,1.39888,0.93392,1.05357,0.95021,0.81086,0.72285,0.75621,0.74764,0.72639,0.66734
01/05/1954,0.32544,0.08398,1.70166,1.36182,0.91402,1.04004,0.94032,0.80074,0.71664,0.75073,0.74273,0.72355
01/06/1954,-0.45149,0.07283,-0.02394,1.65417,1.31257,0.875,1.00702,0.90571,0.76431,0.68052,0.71512,0.70687
01/07/1954,0.6611,0.02981,0.24432,0.05451,1.68084,1.33185,0.88907,1.0164,0.91357,0.77315,0.68989,0.72405
01/08/1954,-0.3574,0.07224,-0.25742,-0.00068,-0.02809,1.65391,1.29766,0.86768,0.99643,0.8908,0.75122,0.66708
01/09/1954,-0.20184,-0.32285,-0.1117,-0.37995,-0.32314,-0.15986,1.61745,1.24669,0.83692,0.97442,0.8662,0.72882
01/10/1954,-1.14008,-1.02077,-1.03334,-0.85927,-0.94591,-0.87741,-0.63266,1.38188,1.05922,0.69186,0.85257,0.74558
01/11/1954,-0.46844,-0.9727,-0.95963,-0.97113,-0.84148,-0.91726,-0.87506,-0.7419,1.14897,0.89819,0.57954,0.75718
01/12/1954,-0.31731,-0.55094,-0.89057,-0.9014,-0.90965,-0.83206,-0.89495,-0.87097,-0.84105,0.87925,0.7141,0.43887
01/01/1955,0.7343,0.36086,0.16336,-0.08029,-0.14519,-0.18561,-0.14729,-0.21125,-0.20779,-0.24194,0.95686,0.80577
01/02/1955,0.87532,0.90856,0.67744,0.52818,0.34499,0.28686,0.24621,0.26834,0.22061,0.22631,0.17718,1.06617
01/03/1955,0.91613,1.08091,1.00471,0.8188,0.70252,0.5663,0.51685,0.48562,0.49971,0.46135,0.47677,0.4212
01/04/1955,0.06108,0.60566,0.88344,0.88226,0.73355,0.63525,0.50776,0.46289,0.43522,0.45041,0.41658,0.43616
01/05/1955,0.77404,0.279,0.67456,0.9329,0.91298,0.76528,0.67351,0.54872,0.50701,0.48085,0.4959,0.46502
01/06/1955,1.80964,1.40628,0.72296,0.90387,1.08667,1.02183,0.86391,0.77275,0.65286,0.61164,0.58579,0.59967
01/07/1955,-0.37561,1.46766,1.30261,0.67198,0.87363,1.06476,1.00415,0.84652,0.75344,0.63305,0.59202,0.56616
01/08/1955,0.60297,0.24151,1.34981,1.29676,0.74683,0.9094,1.08488,1.02363,0.86188,0.76674,0.64916,0.60759
01/09/1955,-0.00138,0.24144,0.12295,0.9127,1.1273,0.68835,0.87882,1.05644,1.00833,0.85636,0.75867,0.64358
01/10/1955,0.45,0.27464,0.40058,0.29951,0.84271,1.02728,0.69022,0.8932,1.07779,1.03326,0.8752,0.7822
01/11/1955,0.83332,0.79899,0.72831,0.75344,0.68239,1.00257,1.11836,0.87185,1.02829,1.16119,1.1063,0.94647
01/12/1955,1.0814,1.18805,1.15815,1.08988,1.08241,1.03077,1.24291,1.33577,1.18285,1.27758,1.36124,1.27584
01/01/1956,-0.28688,0.40769,0.58785,0.63467,0.58292,0.59737,0.57361,0.73547,0.81826,0.73242,0.90082,1.03792
01/02/1956,1.69292,0.97562,1.12017,1.18555,1.1925,1.15591,1.16394,1.14735,1.24296,1.2924,1.22501,1.30322
01/03/1956,1.9515,2.06622,1.50971,1.51103,1.5508,1.55459,1.53291,1.53879,1.52873,1.59921,1.6338,1.56745
01/04/1956,-0.86381,1.31421,1.76632,1.26491,1.32957,1.38202,1.39706,1.36909,1.37505,1.36378,1.4404,1.4822
01/05/1956,0.06833,-0.75389,1.19887,1.70023,1.22371,1.30308,1.35853,1.37416,1.34892,1.35522,1.3442,1.42341
01/06/1956,-0.29548,-0.12119,-0.85032,1.14917,1.6593,1.19168,1.27722,1.3341,1.35162,1.32718,1.33399,1.32272
01/07/1956,-1.08242,-0.88437,-0.48835,-1.0035,1.08823,1.62694,1.15754,1.2487,1.30502,1.32335,1.2985,1.30554
01/08/1956,0.09565,-0.55007,-0.64105,-0.47162,-1.02688,1.08027,1.61213,1.15373,1.24361,1.29818,1.31831,1.29303
01/09/1956,0.35033,0.30805,0.01345,-0.22685,-0.34822,-0.88459,1.10789,1.60776,1.16399,1.25056,1.29868,1.31856
01/10/1956,-0.71023,-0.38229,-0.32507,-0.50897,-0.6141,-0.69039,-1.05246,0.89166,1.48249,1.07581,1.18132,1.23647
01/11/1956,-1.14342,-1.23093,-1.00402,-0.93662,-1.01675,-1.05219,-1.06032,-1.33337,0.47961,1.23152,0.87232,1.01258
01/12/1956,-0.16729,-0.82511,-0.98292,-0.84168,-0.80297,-0.87066,-0.91728,-0.94683,-1.22872,0.2942,1.09371,0.771
01/01/1957,-0.22726,-0.29151,-0.70142,-0.83622,-0.74149,-0.72549,-0.78653,-0.83091,-0.88543,-1.15917,0.13359,0.81056
01/02/1957,-0.81434,-0.65222,-0.60572,-0.93861,-1.07082,-0.95881,-0.94799,-1.00362,-1.03497,-1.07927,-1.31225,-0.10363
01/03/1957,-1.15631,-1.38519,-1.037,-0.94851,-1.20686,-1.34156,-1.22724,-1.20994,-1.25502,-1.28256,-1.3388,-1.4966
01/04/1957,-0.67525,-1.17304,-1.40545,-1.14246,-1.06389,-1.2996,-1.43229,-1.31885,-1.30304,-1.34457,-1.37689,-1.4472
01/05/1957,0.4463,-0.4425,-1.00259,-1.28883,-1.0667,-0.99466,-1.22428,-1.34663,-1.25227,-1.23977,-1.28111,-1.31736
01/06/1957,1.63185,1.1178,0.00909,-0.73389,-1.05072,-0.89672,-0.83607,-1.0615,-1.17807,-1.09868,-1.08943,-1.13005
01/07/1957,-0.59333,1.20294,0.96646,-0.07454,-0.78636,-1.08903,-0.92292,-0.85959,-1.07817,-1.19289,-1.1136,-1.10428
01/08/1957,-0.11138,-0.44765,0.84331,0.7897,-0.1184,-0.81723,-1.1037,-0.93987,-0.87455,-1.08805,-1.20547,-1.12496
01/09/1957,0.99672,0.77055,0.57814,1.12389,1.11356,0.21407,-0.58787,-0.88554,-0.78726,-0.73249,-0.94629,-1.06262
01/10/1957,0.67641,1.04328,0.89343,0.74822,1.11873,1.14066,0.36955,-0.42338,-0.70657,-0.66965,-0.63598,-0.84817
01/11/1957,-1.1002,-0.49134,0.00858,-0.03389,-0.09616,0.21903,0.20866,-0.19613,-0.73205,-0.96987,-0.88139,-0.82694
01/12/1957,1.12015,0.38528,0.53575,0.7263,0.65957,0.59706,0.78003,0.79707,0.38639,-0.19713,-0.48392,-0.51265
01/01/1958,0.65907,0.95088,0.59928,0.6878,0.77564,0.74031,0.70781,0.83023,0.86228,0.59881,0.13783,-0.17114
01/02/1958,0.30641,0.5772,0.86034,0.59815,0.67008,0.7399,0.71435,0.68747,0.78586,0.80707,0.5998,0.24759
01/03/1958,-0.16497,0.09202,0.35776,0.66415,0.4359,0.51283,0.58241,0.56157,0.53567,0.62704,0.65448,0.46445
01/04/1958,-0.03431,-0.23144,-0.03739,0.23923,0.5646,0.36019,0.4374,0.50791,0.49003,0.46684,0.55811,0.58984
01/05/1958,-0.06967,-0.14762,-0.27797,-0.08804,0.18621,0.51647,0.3186,0.39485,0.46929,0.45265,0.42996,0.52315
01/06/1958,-0.6072,-0.37691,-0.28234,-0.36145,-0.15076,0.13914,0.47358,0.27351,0.3491,0.42568,0.40888,0.38586
01/07/1958,-1.92111,-1.66701,-1.09918,-0.54961,-0.51782,-0.27534,0.05542,0.40608,0.20317,0.28011,0.35969,0.343
01/08/1958,-0.68753,-1.62355,-1.55117,-1.26641,-0.7102,-0.60702,-0.33896,0.0121,0.36779,0.16198,0.24105,0.32192
01/09/1958,-0.49289,-0.69453,-1.17167,-1.28403,-1.29837,-0.9223,-0.72511,-0.42234,-0.04774,0.32625,0.11857,0.19757
01/10/1958,-0.44331,-0.69775,-0.81053,-1.10512,-1.1798,-1.22777,-0.98617,-0.82618,-0.50945,-0.12398,0.24575,0.04277
01/11/1958,-1.39605,-1.28771,-1.38002,-1.40957,-1.56728,-1.55449,-1.50664,-1.38771,-1.16915,-0.87755,-0.41864,-0.00599
01/12/1958,-0.48116,-1.20541,-1.22206,-1.28175,-1.29445,-1.40939,-1.42619,-1.44711,-1.38447,-1.25937,-1.04138,-0.59371
01/01/1959,-0.16261,-0.40725,-0.91337,-0.97496,-1.0237,-1.05959,-1.17249,-1.22568,-1.31145,-1.28025,-1.20499,-1.01178
01/02/1959,-0.49327,-0.41331,-0.53798,-0.95937,-1.03328,-1.06381,-1.10617,-1.2083,-1.25368,-1.32135,-1.29635,-1.26737
01/03/1959,-1.37975,-1.28204,-0.93755,-0.97316,-1.30321,-1.38964,-1.39217,-1.41973,-1.50347,-1.54167,-1.62795,-1.54791
01/04/1959,0.44031,-0.69263,-0.85231,-0.71723,-0.7597,-1.0637,-1.14724,-1.16111,-1.19246,-1.27065,-1.3181,-1.40215
01/05/1959,0.91893,0.63759,-0.42514,-0.64292,-0.57948,-0.6297,-0.92141,-0.99806,-1.02536,-1.05851,-1.13507,-1.18575
01/06/1959,-1.96198,0.33718,0.39532,-0.59821,-0.77531,-0.67426,-0.71738,-1.00197,-1.07854,-1.10264,-1.13395,-1.20774
01/07/1959,-1.55698,-2.23261,-0.13684,0.20742,-0.72456,-0.87697,-0.74519,-0.78152,-1.05847,-1.13428,-1.15477,-1.18476
01/08/1959,-0.68708,-1.40869,-1.87648,-0.46635,0.07852,-0.81238,-0.93954,-0.79501,-0.8278,-1.09888,-1.17791,-1.19495
01/09/1959,-1.21731,-1.3222,-1.64155,-1.86395,-1.20471,-0.42392,-1.07256,-1.14093,-0.94854,-0.97212,-1.23383,-1.31614
01/10/1959,-0.80868,-1.35606,-1.42709,-1.59748,-1.74395,-1.31481,-0.72747,-1.20615,-1.2868,-1.07498,-1.094,-1.34833
01/11/1959,-1.44666,-1.48045,-1.83134,-1.82687,-1.92679,-1.95301,-1.58192,-1.22085,-1.50375,-1.57762,-1.34357,-1.34534
01/12/1959,0.46799,-0.48112,-0.71764,-1.00188,-1.0369,-1.13351,-1.26322,-1.06856,-0.85799,-1.23745,-1.34814,-1.19545
01/01/1960,-0.27694,0.02565,-0.50954,-0.67309,-0.88414,-0.92582,-1.0155,-1.14443,-1.01942,-0.84102,-1.22986,-1.32521
01/02/1960,0.22208,-0.05044,0.14623,-0.27349,-0.42492,-0.60668,-0.6605,-0.7414,-0.85628,-0.73975,-0.60868,-1.01402
01/03/1960,0.26092,0.29072,0.02318,0.18093,-0.15621,-0.28389,-0.44035,-0.48602,-0.55556,-0.65804,-0.55876,-0.44963
01/04/1960,0.16144,0.16027,0.20512,-0.00843,0.15219,-0.14445,-0.26246,-0.4013,-0.44236,-0.50497,-0.60132,-0.51127
01/05/1960,0.56287,0.25977,0.22282,0.25784,0.0273,0.1763,-0.10574,-0.21999,-0.3559,-0.39567,-0.45654,-0.5509
01/06/1960,0.07806,0.4772,0.23271,0.19641,0.23898,0.01427,0.16056,-0.12037,-0.23485,-0.3687,-0.40821,-0.46808
01/07/1960,0.22821,0.115,0.48899,0.24774,0.19995,0.24101,0.01708,0.16187,-0.11703,-0.23053,-0.36284,-0.40207
01/08/1960,0.54224,0.47881,0.28372,0.52262,0.32433,0.23624,0.27357,0.04423,0.18081,-0.09766,-0.20976,-0.34193
01/09/1960,-1.01348,-0.62273,-0.51187,-0.57423,-0.32754,-0.08428,6e-04,0.10457,-0.07666,0.08652,-0.19482,-0.30889
01/10/1960,-0.59777,-1.10278,-0.86697,-0.78696,-0.78525,-0.6217,-0.36937,-0.20308,-0.02163,-0.17514,-0.01637,-0.29237
01/11/1960,-0.50518,-0.73754,-1.03948,-0.88414,-0.81426,-0.82537,-0.71866,-0.55029,-0.35508,-0.17839,-0.28076,-0.10874
01/12/1960,0.11044,-0.2462,-0.44056,-0.68993,-0.60359,-0.57384,-0.60738,-0.53626,-0.50451,-0.34918,-0.20477,-0.3053
01/01/1961,0.90479,0.67006,0.45998,0.32454,0.12444,0.1479,0.15582,0.12606,0.17689,0.14796,0.16296,0.18434
01/02/1961,-0.51075,0.38389,0.35118,0.18831,0.07847,-0.07982,-0.0595,-0.05458,-0.07506,-0.03447,-0.04488,0.01425
01/03/1961,0.94421,0.34181,0.6422,0.59017,0.46147,0.37848,0.24974,0.26341,0.26331,0.24389,0.28653,0.25941
01/04/1961,1.30266,1.26193,0.77554,0.8874,0.81968,0.71815,0.64915,0.53723,0.54777,0.5483,0.53498,0.57863
01/05/1961,1.47749,1.54285,1.43799,0.99449,1.02822,0.94521,0.85184,0.78556,0.68218,0.6919,0.69257,0.68291
01/06/1961,2.23061,2.00601,1.88818,1.69359,1.23468,1.19529,1.09125,1.00055,0.93756,0.84057,0.84858,0.84881
01/07/1961,1.67735,2.34242,2.10998,1.97583,1.77549,1.3069,1.24501,1.13329,1.04171,0.97974,0.88455,0.89214
01/08/1961,0.47377,1.20757,2.15158,2.11577,1.98722,1.79522,1.31422,1.25535,1.14098,1.04746,0.98758,0.89228
01/09/1961,-1.46407,-1.06449,-0.3765,1.0207,1.78137,1.78689,1.61909,1.13284,1.12954,1.03512,0.93682,0.87641
01/10/1961,-0.04445,-0.98473,-0.77488,-0.35348,0.65948,1.33905,1.63659,1.56054,1.08321,1.10247,1.00964,0.91429
01/11/1961,0.35334,0.17293,-0.37189,-0.27885,-0.00773,0.62903,1.09277,1.51199,1.50559,1.0737,1.10336,1.01087
01/12/1961,-0.54386,-0.25,-0.25793,-0.63885,-0.56557,-0.37808,0.10091,0.48263,1.01996,1.17125,0.8424,0.94493
01/01/1962,-1.37424,-1.24257,-0.96967,-0.92657,-1.16565,-1.0944,-0.95363,-0.56026,-0.24963,0.2457,0.52103,0.28549
01/02/1962,1.14301,0.08196,-0.13134,-0.05677,-0.07027,-0.2946,-0.27414,-0.17468,0.1106,0.33691,0.65516,0.83722
01/03/1962,-1.11402,0.29823,-0.41471,-0.52098,-0.42923,-0.43938,-0.6266,-0.59902,-0.508,-0.24326,-0.0219,0.30549
01/04/1962,-0.32222,-0.97261,0.02936,-0.52649,-0.60003,-0.51417,-0.52802,-0.69112,-0.66438,-0.57952,-0.3334,-0.12285
01/05/1962,-0.71871,-0.60362,-1.07082,-0.11961,-0.62936,-0.69297,-0.6053,-0.61933,-0.77692,-0.74949,-0.66603,-0.42331
01/06/1962,-0.26869,-0.85988,-0.69367,-1.11284,-0.15956,-0.65293,-0.71436,-0.62846,-0.64401,-0.79833,-0.77165,-0.68987
01/07/1962,-1.05107,-0.84565,-1.2411,-0.8424,-1.19313,-0.23064,-0.70116,-0.75734,-0.66829,-0.68393,-0.83469,-0.80789
01/08/1962,-0.05179,-0.65051,-0.7001,-1.11057,-0.89224,-1.21375,-0.24444,-0.71326,-0.76907,-0.67833,-0.69535,-0.84456
01/09/1962,-0.59366,-0.53213,-0.77554,-0.89119,-1.26318,-1.1286,-1.32192,-0.34606,-0.78486,-0.83435,-0.73465,-0.7526
01/10/1962,-1.21251,-1.2838,-1.20956,-1.3182,-1.30652,-1.51566,-1.4109,-1.49818,-0.59259,-0.97672,-1.01922,-0.91453
01/11/1962,0.74736,-0.10034,-0.28358,-0.29491,-0.39845,-0.49787,-0.76811,-0.84143,-1.15621,-0.35598,-0.76579,-0.81536
01/12/1962,-1.16845,-0.42331,-0.80404,-0.9205,-0.89348,-0.95547,-0.99243,-1.15159,-1.22666,-1.43991,-0.76841,-1.08912
01/01/1963,0.76075,0.04074,0.25298,-0.00442,-0.13644,-0.15403,-0.213,-0.26503,-0.42167,-0.56729,-0.91734,-0.35136
01/02/1963,-1.24151,-0.09888,-0.52485,-0.28394,-0.51421,-0.59633,-0.60756,-0.66208,-0.69772,-0.84101,-0.94004,-1.24714
01/03/1963,0.8618,-0.16102,0.27596,-0.05836,0.08337,-0.09554,-0.17913,-0.19333,-0.24067,-0.2777,-0.38436,-0.48473
01/04/1963,1.26759,1.1891,0.41013,0.58091,0.28716,0.39747,0.24931,0.17101,0.15663,0.11674,0.08488,0.00385
01/05/1963,1.95015,1.75755,1.5489,0.86312,0.87517,0.57894,0.67121,0.53878,0.46451,0.4503,0.41444,0.38838
01/06/1963,0.92211,1.89689,1.79636,1.58485,0.90198,0.9004,0.60442,0.69213,0.56095,0.48793,0.47346,0.4379
01/07/1963,0.58612,0.90208,1.89734,1.81236,1.60814,0.92006,0.91167,0.61481,0.69967,0.5694,0.49683,0.48235
01/08/1963,0.05426,0.30742,0.63878,1.82995,1.79736,1.60234,0.90747,0.90708,0.60773,0.69031,0.56175,0.48872
01/09/1963,-2.38594,-2.13862,-1.82324,-1.30639,0.71444,1.34452,1.25795,0.55713,0.66718,0.38831,0.48063,0.34403
01/10/1963,-0.24396,-1.68276,-1.57574,-1.38677,-1.09345,0.33173,1.1147,1.14036,0.48875,0.61878,0.33149,0.4321
01/11/1963,1.11701,0.69587,-0.26917,-0.26318,-0.17439,-0.08289,0.82554,1.32505,1.32498,0.70117,0.7771,0.50031
01/12/1963,-0.30896,0.37123,0.22691,-0.43436,-0.42839,-0.37244,-0.30517,0.38758,0.91872,1.05478,0.51528,0.64443
01/01/1964,-1.59605,-1.23965,-0.63207,-0.65469,-1.11332,-1.08449,-1.04059,-0.96216,-0.41184,0.09078,0.35956,-0.08543
01/02/1964,-1.00563,-1.66817,-1.52724,-0.97179,-1.00191,-1.3773,-1.35319,-1.31279,-1.23212,-0.73848,-0.26292,0.05096
01/03/1964,-1.51308,-1.77713,-1.95977,-1.85502,-1.36071,-1.40989,-1.71012,-1.6795,-1.6369,-1.56417,-1.14422,-0.66505
01/04/1964,-0.51772,-1.30202,-1.60948,-1.81099,-1.76499,-1.39303,-1.45039,-1.706,-1.68315,-1.64912,-1.5952,-1.22785
01/05/1964,-1.7323,-1.05571,-1.52036,-1.82181,-1.93661,-1.88635,-1.54301,-1.59798,-1.84242,-1.82012,-1.78769,-1.74048
01/06/1964,1.04415,-0.79644,-0.83347,-1.38836,-1.69486,-1.83471,-1.77673,-1.4459,-1.4972,-1.73911,-1.71941,-1.68867
01/07/1964,0.92996,1.13366,-0.38504,-0.68836,-1.31014,-1.62027,-1.77469,-1.71593,-1.38806,-1.43743,-1.67677,-1.65867
01/08/1964,0.30584,0.66899,0.94399,-0.3013,-0.65952,-1.29096,-1.59542,-1.77055,-1.70163,-1.36973,-1.42331,-1.65982
01/09/1964,0.05936,0.15788,0.39068,0.60954,-0.401,-0.66456,-1.2645,-1.55537,-1.75459,-1.70904,-1.35516,-1.40964
01/10/1964,1.33117,1.07603,1.00924,1.08315,1.18973,0.50281,-0.00218,-0.82605,-1.16269,-1.47257,-1.41987,-1.11186
01/11/1964,0.75217,1.24265,1.12366,1.07495,1.11102,1.18823,0.71691,0.29096,-0.52208,-0.85908,-1.22767,-1.18979
01/12/1964,-0.2377,0.19272,0.63701,0.59914,0.57862,0.62849,0.6877,0.34116,0.00856,-0.62349,-0.94824,-1.29235
01/01/1965,-0.20642,-0.31383,-0.0394,0.29977,0.262,0.26175,0.30847,0.36414,0.13358,-0.09929,-0.63036,-0.947
01/02/1965,-1.5598,-1.10698,-1.01695,-0.69758,-0.35067,-0.34593,-0.33715,-0.29067,-0.2266,-0.45513,-0.63044,-1.07431
01/03/1965,0.15075,-1.00182,-0.78695,-0.75116,-0.53129,-0.26568,-0.26682,-0.25856,-0.22254,-0.17265,-0.35915,-0.50555
01/04/1965,0.55297,0.30408,-0.59687,-0.55528,-0.53886,-0.36452,-0.13645,-0.13941,-0.13249,-0.09982,-0.0554,-0.21941
01/05/1965,-0.68325,0.17694,0.10529,-0.72154,-0.65338,-0.63045,-0.45525,-0.23042,-0.22947,-0.22076,-0.18761,-0.1427
01/06/1965,0.80351,-0.19625,0.29352,0.16589,-0.64833,-0.60187,-0.58444,-0.41674,-0.19991,-0.2006,-0.19297,-0.16087
01/07/1965,-0.70833,0.25588,-0.43894,0.20056,0.10419,-0.69801,-0.63549,-0.61439,-0.44527,-0.23001,-0.22961,-0.22185
01/08/1965,-2.13465,-1.89467,-0.92193,-1.2583,-0.14492,-0.1062,-0.86837,-0.76166,-0.73076,-0.55441,-0.33674,-0.33254
01/09/1965,-1.16142,-1.77031,-1.82998,-1.36524,-1.60925,-0.63268,-0.37739,-1.06098,-0.90759,-0.86515,-0.6745,-0.45431
01/10/1965,1.09738,0.19495,-0.31471,-0.43502,-0.28255,-0.66337,-0.10757,-0.09899,-0.75747,-0.69922,-0.68204,-0.50982
01/11/1965,-0.66674,0.11911,-0.29952,-0.62381,-0.67407,-0.56998,-0.82227,-0.40871,-0.31042,-0.89599,-0.81544,-0.78422
01/12/1965,-0.83216,-1.02202,-0.46357,-0.75066,-0.94573,-0.97939,-0.89354,-1.05534,-0.79283,-0.63581,-1.16228,-1.05659
01/01/1966,-0.32636,-0.70276,-0.89666,-0.52143,-0.73189,-0.88389,-0.92223,-0.86301,-1.03355,-0.80705,-0.68955,-1.17845
01/02/1966,0.71447,0.24188,-0.0866,-0.28792,-0.04957,-0.22875,-0.37049,-0.40815,-0.3667,-0.49644,-0.34822,-0.29415
01/03/1966,-1.22246,-0.16723,-0.31215,-0.51742,-0.67082,-0.45339,-0.59926,-0.71849,-0.75107,-0.71318,-0.83514,-0.6644
01/04/1966,-0.38513,-1.06849,-0.38623,-0.45562,-0.61322,-0.74886,-0.55645,-0.68116,-0.78864,-0.81787,-0.78642,-0.90745
01/05/1966,-0.38852,-0.54684,-1.09612,-0.47475,-0.52569,-0.67261,-0.80135,-0.61527,-0.73636,-0.84028,-0.86889,-0.84014
01/06/1966,-1.00164,-0.85686,-0.745,-1.19599,-0.55859,-0.58525,-0.72655,-0.85168,-0.67089,-0.78853,-0.89,-0.9176
01/07/1966,-0.06922,-0.73082,-0.84691,-0.75845,-1.20347,-0.57002,-0.59122,-0.7297,-0.85063,-0.67258,-0.78832,-0.8884
01/08/1966,-0.94689,-0.75915,-1.08974,-1.16862,-0.97306,-1.30833,-0.65333,-0.6543,-0.78917,-0.90522,-0.72952,-0.84227
01/09/1966,0.46654,0.03965,0.01204,-0.39885,-0.73145,-0.78738,-1.19409,-0.55925,-0.58708,-0.72345,-0.83769,-0.66319
01/10/1966,-0.27227,0.01209,-0.2223,-0.23879,-0.48965,-0.74764,-0.81956,-1.19619,-0.60755,-0.63408,-0.77515,-0.88622
01/11/1966,-1.65874,-1.39932,-1.13198,-1.21887,-1.17393,-1.26111,-1.33351,-1.37892,-1.55673,-1.04589,-0.9778,-1.08475
01/12/1966,-1.31701,-1.90886,-1.775,-1.55336,-1.56799,-1.53282,-1.56079,-1.62071,-1.64574,-1.80353,-1.43077,-1.32076
01/01/1967,1.08586,0.31459,-0.29049,-0.33496,-0.2659,-0.34585,-0.35006,-0.44462,-0.56215,-0.71713,-1.07797,-0.71775
01/02/1967,0.40416,0.91784,0.43468,-0.018,-0.0725,-0.02642,-0.10036,-0.10896,-0.18429,-0.2747,-0.4223,-0.78913
01/03/1967,-0.32937,0.0694,0.61047,0.2344,-0.15023,-0.19669,-0.15087,-0.21114,-0.22027,-0.28807,-0.36277,-0.47889
01/04/1967,1.5144,0.72523,0.72188,0.94353,0.61314,0.31093,0.27083,0.2938,0.24211,0.23396,0.17828,0.12812
01/05/1967,1.62154,1.76334,1.04978,0.99238,1.1087,0.78334,0.50933,0.47032,0.48811,0.44027,0.43262,0.38372
01/06/1967,-0.41379,1.38224,1.68984,0.99046,0.94178,1.07225,0.74869,0.47168,0.43157,0.45085,0.40262,0.39478
01/07/1967,0.96472,0.23883,1.4613,1.73348,1.04022,0.9789,1.09526,0.77046,0.49529,0.45533,0.47367,0.42592
01/08/1967,-0.48161,0.18315,-0.15774,1.25645,1.68067,0.99014,0.93632,1.07048,0.74402,0.46458,0.42607,0.44466
01/09/1967,-1.13089,-1.16922,-0.77789,-0.93028,0.48493,1.47082,0.77592,0.77306,0.96457,0.65224,0.36542,0.32655
01/10/1967,-0.07263,-0.80374,-0.86004,-0.62956,-0.74079,0.24373,1.29222,0.67544,0.72772,0.93511,0.61739,0.33423
01/11/1967,-0.4206,-0.41367,-0.78265,-0.82721,-0.65728,-0.74972,-0.09148,0.9394,0.47797,0.57073,0.83173,0.52894
01/12/1967,-1.38944,-1.24984,-1.13571,-1.36248,-1.34796,-1.22953,-1.25178,-0.76625,0.11777,-0.10457,0.09183,0.4969
01/01/1968,-0.98586,-1.4587,-1.4562,-1.40156,-1.52251,-1.51811,-1.44192,-1.47213,-1.09831,-0.33934,-0.46684,-0.30497
01/02/1968,-0.72563,-1.09496,-1.54387,-1.54899,-1.5255,-1.62037,-1.62649,-1.555,-1.58,-1.23105,-0.54715,-0.63472
01/03/1968,1.10195,0.36186,-0.21453,-0.59378,-0.68347,-0.69765,-0.83135,-0.85988,-0.81156,-0.85221,-0.57068,-0.06038
01/04/1968,0.0457,0.75549,0.22072,-0.24879,-0.56346,-0.64693,-0.66598,-0.78296,-0.80965,-0.7667,-0.80856,-0.55278
01/05/1968,2.30106,1.38246,1.42073,0.90557,0.32646,0.00147,-0.08592,-0.10287,-0.2302,-0.2611,-0.22585,-0.26573
01/06/1968,1.40689,2.27419,1.5311,1.51574,0.99756,0.41441,0.0884,-0.00065,-0.01915,-0.14511,-0.17647,-0.14296
01/07/1968,-0.40219,1.0048,2.20844,1.48999,1.49612,0.9733,0.3921,0.06788,-0.02072,-0.03941,-0.16402,-0.19512
01/08/1968,0.23252,-0.07853,0.80292,2.19912,1.4947,1.50031,0.97111,0.39804,0.07014,-0.0197,-0.03762,-0.16208
01/09/1968,-0.12376,-0.021,-0.12869,0.38718,2.40219,1.45048,1.4672,0.92997,0.37775,0.06446,-0.02643,-0.0445
01/10/1968,1.63781,1.29134,1.18036,1.05906,1.29224,2.66257,1.77752,1.74985,1.17925,0.62881,0.29985,0.21169
01/11/1968,-0.36063,0.7623,0.65754,0.62682,0.55802,0.74161,1.87202,1.44399,1.53752,1.0415,0.53391,0.22473
01/12/1968,-0.44596,-0.58364,0.19398,0.13548,0.12869,0.08757,0.23445,1.13945,0.98601,1.22969,0.8314,0.36431
01/01/1969,-1.51248,-1.27056,-1.27338,-0.64271,-0.65577,-0.63108,-0.65275,-0.51015,0.24268,0.17343,0.53863,0.24113
01/02/1969,-0.13997,-1.00381,-1.02771,-1.07447,-0.5802,-0.58753,-0.57788,-0.60028,-0.47599,0.15394,0.1027,0.45142
01/03/1969,-0.86489,-0.67402,-1.18169,-1.18365,-1.21465,-0.81565,-0.80945,-0.79416,-0.81307,-0.70521,-0.13038,-0.15969
01/04/1969,0.46596,-0.37398,-0.40595,-0.90132,-0.92213,-0.97994,-0.64478,-0.6442,-0.63354,-0.65157,-0.55991,-0.03633
01/05/1969,1.17693,0.78506,-0.04694,-0.14688,-0.69304,-0.72542,-0.78845,-0.47421,-0.48361,-0.47555,-0.49383,-0.40777
01/06/1969,-0.9463,0.82959,0.6418,-0.15662,-0.22972,-0.74818,-0.7764,-0.8369,-0.52989,-0.53779,-0.52967,-0.54753
01/07/1969,-1.19932,-1.39767,0.53142,0.50683,-0.25611,-0.30997,-0.80236,-0.82514,-0.88056,-0.57647,-0.58226,-0.57375
01/08/1969,-1.11121,-1.49621,-1.59691,0.05824,0.33434,-0.3842,-0.40506,-0.87603,-0.89319,-0.94298,-0.64096,-0.64381
01/09/1969,0.11733,-0.32448,-0.62233,-0.92728,-0.08861,0.30876,-0.38074,-0.38234,-0.85457,-0.87349,-0.91848,-0.61726
01/10/1969,0.36667,0.27753,-0.01566,-0.23698,-0.47979,0.06241,0.32641,-0.32069,-0.29887,-0.7924,-0.82296,-0.87166
01/11/1969,-0.52581,-0.25049,-0.15047,-0.33675,-0.45592,-0.62738,-0.26934,0.01216,-0.4666,-0.44218,-0.87375,-0.89174
01/12/1969,-1.16563,-1.16393,-0.90216,-0.82931,-0.92009,-0.99275,-1.07784,-0.79737,-0.59945,-0.87046,-0.84744,-1.18945
01/01/1970,-1.11712,-1.4251,-1.4694,-1.28892,-1.18692,-1.24762,-1.31392,-1.38209,-1.18282,-0.97767,-1.18493,-1.16217
01/02/1970,-0.45033,-0.99029,-1.34376,-1.41019,-1.28173,-1.18769,-1.25479,-1.31548,-1.37681,-1.18786,-1.00635,-1.23153
01/03/1970,-1.79868,-1.51998,-1.5701,-1.82311,-1.83523,-1.76015,-1.63889,-1.68485,-1.72986,-1.7787,-1.64144,-1.41087
01/04/1970,-1.05214,-1.71116,-1.6386,-1.66611,-1.89164,-1.94317,-1.90034,-1.77613,-1.81731,-1.86014,-1.91508,-1.82049
01/05/1970,-0.19027,-1.00027,-1.6315,-1.63375,-1.64581,-1.8448,-1.91263,-1.86893,-1.76624,-1.8084,-1.85103,-1.91148
01/06/1970,1.03483,0.3277,-0.7815,-1.49981,-1.51121,-1.55114,-1.73793,-1.79986,-1.75541,-1.66741,-1.70916,-1.74994
01/07/1970,0.2248,0.85549,0.34838,-0.75222,-1.48023,-1.49112,-1.53247,-1.71436,-1.76863,-1.72426,-1.63947,-1.68069
01/08/1970,0.98726,0.83654,1.04258,0.57456,-0.55073,-1.37051,-1.38967,-1.46998,-1.64581,-1.69383,-1.65584,-1.57441
01/09/1970,0.12137,0.52291,0.52505,0.72463,0.37797,-0.5393,-1.32739,-1.34266,-1.44558,-1.64282,-1.67635,-1.63769
01/10/1970,-1.16009,-0.84856,-0.46455,-0.41204,-0.17909,-0.40195,-0.94735,-1.49201,-1.55791,-1.62084,-1.79033,-1.82908
01/11/1970,-0.36196,-0.91003,-0.77306,-0.53124,-0.47589,-0.33258,-0.50125,-0.94337,-1.46205,-1.51733,-1.61443,-1.7797
01/12/1970,0.55161,0.19642,-0.22603,-0.19822,-0.07674,-0.06371,0.01014,-0.10766,-0.58882,-1.16543,-1.25994,-1.4185
01/01/1971,0.46534,0.54099,0.37051,0.12678,0.10512,0.17285,0.18031,0.23796,0.17174,-0.21225,-0.81678,-0.93393
01/02/1971,0.90375,0.77368,0.80317,0.67753,0.49977,0.47557,0.51622,0.51718,0.55868,0.51215,0.21314,-0.31557
01/03/1971,-0.7006,0.27743,0.363,0.4792,0.37352,0.21711,0.20445,0.24818,0.24803,0.28806,0.25118,-0.01688
01/04/1971,-0.35294,-0.73898,-3.00E-05,0.16494,0.32122,0.23568,0.08573,0.0807,0.12607,0.1281,0.169,0.13565
01/05/1971,0.67612,-0.08409,-0.54643,0.0902,0.21033,0.35396,0.27544,0.1297,0.12484,0.16926,0.17138,0.21241
01/06/1971,-0.1247,0.51751,-0.14498,-0.58457,0.05838,0.18495,0.32828,0.24831,0.10171,0.09769,0.14171,0.14369
01/07/1971,-0.20664,-0.25817,0.42395,-0.18096,-0.60988,0.0361,0.16954,0.31418,0.23373,0.08746,0.08385,0.12763
01/08/1971,1.07804,0.73906,0.39497,0.67232,0.03364,-0.48855,0.13021,0.23569,0.36519,0.28254,0.14018,0.1346
01/09/1971,-0.22646,0.31605,0.23325,0.02312,0.27806,-0.10754,-0.55514,0.08398,0.20551,0.34793,0.26312,0.12184
01/10/1971,1.49008,1.09585,1.21725,1.12023,0.96959,1.09961,0.51172,-0.11272,0.41913,0.44113,0.53005,0.44979
01/11/1971,0.0326,0.89275,0.73902,0.85448,0.795,0.68483,0.75619,0.39785,-0.11085,0.3707,0.41575,0.50806
01/12/1971,0.30711,0.19373,0.70991,0.60882,0.68604,0.64856,0.57053,0.64498,0.35777,-0.05402,0.37769,0.42117
01/01/1972,1.64302,1.36498,1.27809,1.41952,1.36623,1.39442,1.37651,1.35593,1.41189,1.24511,0.91352,1.05769
01/02/1972,-0.47234,1.08188,0.98331,0.92708,1.09303,1.03702,1.0708,1.05796,1.03422,1.07774,0.93944,0.69564
01/03/1972,1.32502,0.69021,1.2875,1.18319,1.14069,1.26814,1.22675,1.25244,1.24255,1.2283,1.26659,1.14396
01/04/1972,0.88222,1.30405,0.82922,1.32782,1.23299,1.20152,1.32311,1.28177,1.30589,1.29722,1.28845,1.32796
01/05/1972,-0.13587,0.63797,1.16086,0.74741,1.27333,1.19215,1.16326,1.28795,1.24916,1.2742,1.26579,1.25835
01/06/1972,-0.46936,-0.38817,0.53989,1.1005,0.69269,1.23666,1.16068,1.13159,1.25986,1.22161,1.24751,1.23887
01/07/1972,-0.58965,-0.71118,-0.59082,0.4647,1.06296,0.65579,1.21561,1.14077,1.10974,1.2396,1.20095,1.22722
01/08/1972,0.24698,-0.16333,-0.43989,-0.48905,0.48591,1.06658,0.65818,1.21724,1.14053,1.10731,1.23886,1.1998
01/09/1972,-0.40546,-0.24589,-0.38638,-0.62204,-0.79247,0.29448,0.976,0.58266,1.17032,1.1037,1.06709,1.19854
01/10/1972,-1.90491,-1.64741,-1.49094,-1.50307,-1.49306,-1.50909,-0.52608,0.49102,0.22526,0.9656,0.92438,0.89352
01/11/1972,-0.94838,-1.63233,-1.70198,-1.56355,-1.56664,-1.54016,-1.50852,-0.85811,0.14798,-0.05507,0.78544,0.76854
01/12/1972,-1.96244,-1.8861,-2.27755,-2.23346,-2.06906,-2.05424,-1.97747,-1.96184,-1.48864,-0.57914,-0.70428,0.33727
01/01/1973,-1.42247,-2.07798,-2.1931,-2.70624,-2.44981,-2.3188,-2.34485,-2.32986,-2.45228,-1.9126,-1.02116,-1.1276
01/02/1973,0.18702,-0.71643,-1.43953,-1.64507,-2.09312,-1.98795,-1.91409,-1.93549,-1.95171,-2.03889,-1.59062,-0.82626
01/03/1973,-0.11039,0.03851,-0.63457,-1.18157,-1.37146,-1.75289,-1.70996,-1.66526,-1.68153,-1.70838,-1.81205,-1.41092
01/04/1973,0.06712,-0.14114,-0.04062,-0.59623,-1.05049,-1.2392,-1.57577,-1.54802,-1.51702,-1.53661,-1.57497,-1.6828
01/05/1973,0.06381,-0.01528,-0.16745,-0.06867,-0.60559,-1.03531,-1.21942,-1.53467,-1.52045,-1.49349,-1.51379,-1.55666
01/06/1973,-1.74708,-0.62478,-0.28247,-0.32904,-0.19286,-0.69295,-1.11059,-1.28626,-1.59257,-1.5772,-1.54977,-1.56835
01/07/1973,0.13084,-0.99894,-0.55812,-0.27299,-0.33051,-0.19453,-0.68887,-1.10074,-1.2697,-1.56938,-1.55509,-1.52854
01/08/1973,0.52621,0.41952,-0.44648,-0.3387,-0.19262,-0.2917,-0.15641,-0.66127,-1.074,-1.23816,-1.53925,-1.52519
01/09/1973,0.88993,0.89543,0.84486,0.29192,0.10855,0.1021,-0.11002,0.00099,-0.53064,-0.9489,-1.11214,-1.41334
01/10/1973,1.82878,1.89946,1.75781,1.69205,1.39812,1.28414,0.86389,0.43389,0.45715,-0.14599,-0.57938,-0.75264
01/11/1973,-0.00141,1.14661,1.28834,1.25996,1.21142,0.99008,0.87896,0.69034,0.37365,0.39899,-0.15261,-0.55749
01/12/1973,1.44082,1.18831,1.5771,1.63837,1.6113,1.5823,1.48075,1.44573,1.29297,0.9472,0.87184,0.29782
01/01/1974,2.33907,2.25253,2.1843,2.22976,2.29116,2.29107,2.278,2.26184,2.26726,2.19819,2.00543,1.85693
01/02/1974,2.20775,2.42639,2.30213,2.28044,2.32471,2.35798,2.37508,2.37428,2.36022,2.36312,2.31848,2.16166
01/03/1974,1.54674,2.15197,2.40394,2.28525,2.27065,2.31885,2.34818,2.35691,2.36132,2.35645,2.3449,2.29597
01/04/1974,0.75386,1.42634,2.12524,2.42152,2.29906,2.27264,2.3277,2.34689,2.35198,2.35312,2.34888,2.33577
01/05/1974,1.10225,0.9614,1.48399,2.14475,2.45432,2.34271,2.30766,2.36364,2.38332,2.38683,2.38792,2.38419
01/06/1974,-0.29188,0.88614,0.88886,1.43946,2.10699,2.43297,2.33241,2.30166,2.36397,2.38494,2.38981,2.3913
01/07/1974,-0.14894,-0.34,0.8049,0.86011,1.42911,2.10704,2.4328,2.32981,2.29747,2.36141,2.38215,2.38736
01/08/1974,1.82941,1.49175,0.97481,1.28746,1.17447,1.58797,2.16963,2.46594,2.36282,2.33218,2.39374,2.41524
01/09/1974,0.45996,1.23839,1.11427,0.87553,1.34195,1.24219,1.6311,2.15936,2.44982,2.33055,2.30161,2.36259
01/10/1974,0.20871,0.36341,0.95148,0.86709,0.68331,1.07676,1.13428,1.6146,2.10984,2.43345,2.35362,2.31705
01/11/1974,0.95499,0.77417,0.85637,1.14777,1.08151,0.9683,1.21936,1.27758,1.69312,2.16156,2.4523,2.35004
01/12/1974,0.24408,0.63474,0.60023,0.65333,0.86626,0.82997,0.74502,0.94043,1.09804,1.56979,2.12884,2.46759
01/01/1975,0.15623,0.18038,0.43907,0.45313,0.4705,0.62551,0.61143,0.56352,0.71533,0.83468,1.25148,1.82244
01/02/1975,-0.13035,0.01128,0.10224,0.31163,0.32769,0.34964,0.48143,0.46854,0.42997,0.55317,0.66443,1.06421
01/03/1975,1.61818,1.09607,0.78751,0.74494,0.85,0.85475,0.85936,0.94557,0.93469,0.90965,1.00274,1.05287
01/04/1975,0.61098,1.43143,1.06993,0.80087,0.77304,0.88079,0.88881,0.89194,0.97313,0.96402,0.94473,1.03679
01/05/1975,0.52816,0.60986,1.38072,1.06969,0.80443,0.77806,0.88844,0.89539,0.90169,0.98271,0.97418,0.95721
01/06/1975,-1.57193,-0.04102,0.39838,1.27707,0.97497,0.73087,0.71309,0.82636,0.83399,0.84235,0.92606,0.91718
01/07/1975,0.40347,-0.73376,0.06323,0.43136,1.29128,0.98422,0.73671,0.71688,0.82751,0.83488,0.84306,0.92637
01/08/1975,0.5892,0.59897,-0.23843,0.1797,0.51192,1.32157,1.00517,0.75932,0.73294,0.83949,0.84848,0.8558
01/09/1975,-1.08368,-0.66049,-0.49492,-0.94624,-0.67577,0.09788,1.14557,0.85105,0.64759,0.6448,0.75169,0.76182
01/10/1975,0.47781,-0.34125,-0.14178,-0.07774,-0.42256,-0.30732,0.19139,1.1646,0.88868,0.68704,0.66885,0.77816
01/11/1975,0.80262,0.78978,0.36227,0.41627,0.44138,0.17384,0.1943,0.46591,1.25708,0.98105,0.78088,0.75218
01/12/1975,2.2332,2.21639,2.1086,1.90949,1.88464,1.86506,1.8057,1.85889,1.87939,2.13016,1.74745,1.44582
01/01/1976,2.33293,2.48134,2.48756,2.39904,2.38264,2.38532,2.3761,2.3676,2.39704,2.3939,2.49928,2.28867
01/02/1976,1.91417,2.32409,2.3767,2.40254,2.36863,2.34362,2.36157,2.36373,2.35076,2.36968,2.36768,2.40757
01/03/1976,1.45591,1.94132,2.29681,2.33767,2.36413,2.3444,2.32185,2.33129,2.33812,2.33374,2.33628,2.32356
01/04/1976,1.51402,1.71462,2.10649,2.40818,2.42335,2.4358,2.42053,2.39136,2.39762,2.40144,2.3998,2.39836
01/05/1976,0.43739,1.38258,1.63794,2.06626,2.40775,2.44452,2.4475,2.43404,2.40387,2.40839,2.41207,2.4102
01/06/1976,0.15062,0.38977,1.35444,1.61872,2.0406,2.39285,2.44089,2.44942,2.44095,2.41102,2.41696,2.42114
01/07/1976,0.50643,0.30963,0.47915,1.37491,1.63843,2.05501,2.40064,2.44523,2.45256,2.44498,2.41458,2.42091
01/08/1976,0.66002,0.70169,0.48447,0.55562,1.4277,1.67096,2.05745,2.40014,2.44965,2.45879,2.45081,2.42112
01/09/1976,0.5726,0.70519,0.75391,0.60995,0.62882,1.51973,1.72854,2.05766,2.38975,2.41692,2.42692,2.42074
01/10/1976,0.86294,0.93598,0.9738,0.98259,0.87841,0.89249,1.58763,1.82912,2.06641,2.40519,2.46617,2.46784
01/11/1976,0.72249,0.93985,1.02666,1.03703,1.03348,0.96748,0.96508,1.58035,1.83321,2.09134,2.409,2.44703
01/12/1976,0.46912,0.66901,0.83455,0.89469,0.90101,0.90656,0.86168,0.87726,1.475,1.76624,2.09298,2.44338
01/01/1977,0.23343,0.34679,0.50241,0.64053,0.66733,0.6839,0.69852,0.67665,0.70731,1.11661,1.41916,1.80459
01/02/1977,0.84496,0.6157,0.65447,0.73946,0.82796,0.8432,0.85574,0.86463,0.84923,0.86931,1.16606,1.40451
01/03/1977,1.35997,1.32738,0.99372,0.96769,1.01943,1.08451,1.09438,1.10378,1.10942,1.10098,1.12296,1.32657
01/04/1977,1.13591,1.45164,1.45264,1.12801,1.09332,1.14562,1.20535,1.21108,1.21991,1.22557,1.22291,1.24703
01/05/1977,0.65543,1.1005,1.42082,1.45269,1.1387,1.1067,1.16079,1.21907,1.22787,1.23697,1.24302,1.24249
01/06/1977,-0.40576,0.41455,1.01874,1.3693,1.40598,1.10273,1.07569,1.1306,1.191,1.20132,1.21092,1.21703
01/07/1977,0.08975,-0.27846,0.39559,1.0106,1.36875,1.40439,1.09831,1.07031,1.12328,1.18384,1.19408,1.20378
01/08/1977,0.0175,0.01203,-0.28274,0.26319,0.99752,1.358,1.38732,1.09173,1.06252,1.11355,1.1762,1.18609
01/09/1977,1.82189,1.50769,1.40872,1.18235,1.29307,1.47563,1.64032,1.5677,1.25289,1.20179,1.2397,1.29489
01/10/1977,0.16158,1.29882,1.14536,1.08794,0.89197,1.01248,1.35672,1.61662,1.53095,1.24403,1.19615,1.23737
01/11/1977,0.83973,0.65832,1.29938,1.20574,1.15642,1.03753,1.11177,1.41987,1.66741,1.5867,1.30379,1.24426
01/12/1977,-1.28911,-0.4405,-0.3508,0.24604,0.20924,0.20316,0.09551,0.17301,0.65207,1.15168,1.25909,1.04759
01/01/1978,0.35468,-0.3863,-0.06532,-0.02406,0.31376,0.29111,0.29036,0.23113,0.29941,0.61945,1.00355,1.11353
01/02/1978,0.14828,0.29493,-0.18994,0.02984,0.04994,0.32064,0.30051,0.29713,0.25174,0.30444,0.56651,0.91615
01/03/1978,1.19833,0.88245,0.70844,0.33872,0.46053,0.46898,0.6523,0.63691,0.63148,0.597,0.64711,0.82077
01/04/1978,0.71376,1.12792,0.91992,0.7571,0.43478,0.55069,0.55956,0.72353,0.71067,0.70701,0.67941,0.73099
01/05/1978,-0.07679,0.49881,0.99652,0.84435,0.69989,0.38573,0.50841,0.51662,0.68571,0.67389,0.67078,0.64468
01/06/1978,0.50239,0.10394,0.53987,1.00401,0.84825,0.70256,0.38935,0.50817,0.5152,0.68394,0.672,0.6687
01/07/1978,-1.00287,-0.18045,-0.22156,0.42141,0.94237,0.79607,0.6625,0.35043,0.47011,0.47719,0.64827,0.63635
01/08/1978,1.10084,0.42177,0.45732,0.19705,0.60645,1.03022,0.86475,0.71889,0.40226,0.51524,0.52341,0.68934
01/09/1978,1.24364,1.37048,1.1001,1.06709,0.77772,0.94527,1.21978,1.01044,0.83806,0.53278,0.62976,0.63665
01/10/1978,1.21853,1.58194,1.61157,1.42708,1.3953,1.23185,1.19821,1.40725,1.16188,0.9702,0.65702,0.74901
01/11/1978,-1.21821,-0.20341,0.38037,0.54176,0.41627,0.39336,0.21722,0.54734,0.98827,0.86131,0.74819,0.45174
01/12/1978,-0.10887,-0.82529,-0.2343,0.12339,0.2403,0.15297,0.13882,0.04206,0.28468,0.78951,0.73054,0.65561
01/01/1979,0.74851,0.45682,0.02409,0.31973,0.48044,0.54267,0.49129,0.49258,0.4499,0.58394,0.90121,0.82425
01/02/1979,0.33368,0.6506,0.50592,0.18023,0.39373,0.51872,0.56704,0.52449,0.527,0.49075,0.59676,0.87778
01/03/1979,-0.81799,-0.26856,0.20868,0.16063,-0.1243,0.08447,0.21651,0.26841,0.22649,0.22944,0.20176,0.31378
01/04/1979,0.14702,-0.53999,-0.25017,0.15176,0.13018,-0.11925,0.0712,0.19712,0.24757,0.21007,0.21482,0.193
01/05/1979,1.16652,0.55092,-0.19577,-0.00803,0.28622,0.24849,0.01592,0.19257,0.30904,0.35671,0.32126,0.32752
01/06/1979,-0.06803,0.99852,0.50208,-0.23287,-0.03463,0.26309,0.22561,-0.00707,0.1667,0.28373,0.33119,0.29557
01/07/1979,1.98552,1.07768,1.3621,0.77056,-0.03665,0.11646,0.36179,0.31256,0.0845,0.25119,0.36179,0.40691
01/08/1979,1.8565,2.19586,1.68674,1.70321,1.10722,0.23188,0.3267,0.50314,0.43381,0.20986,0.36973,0.472
01/09/1979,0.70608,1.39737,1.69331,1.57447,1.97318,1.23716,0.34766,0.42303,0.56996,0.50298,0.28214,0.43496
01/10/1979,1.41724,1.46119,1.7467,1.93292,1.83891,2.21027,1.51767,0.66881,0.69332,0.75795,0.66063,0.45445
01/11/1979,0.33578,1.03141,1.14143,1.39092,1.52474,1.47144,1.75989,1.39687,0.68457,0.6983,0.77005,0.67627
01/12/1979,-0.84991,-0.46738,0.16378,0.31571,0.57417,0.74161,0.67136,0.89175,0.78835,0.26176,0.36921,0.5312
01/01/1980,-0.61139,-0.91281,-0.70083,-0.23201,-0.12604,0.08264,0.22396,0.18449,0.36847,0.32376,-0.02972,0.05381
01/02/1980,0.58886,0.00779,-0.30807,-0.21959,0.09478,0.1641,0.31213,0.41469,0.38605,0.52361,0.48325,0.20966
01/03/1980,-0.65756,0.0323,-0.304,-0.51534,-0.42842,-0.14908,-0.07496,0.06748,0.16198,0.1353,0.27265,0.24311
01/04/1980,-0.49896,-0.78605,-0.26458,-0.47958,-0.64055,-0.55634,-0.29831,-0.21763,-0.0777,0.01601,-0.00827,0.128
01/05/1980,-0.2834,-0.60178,-0.82256,-0.34123,-0.53679,-0.68762,-0.60403,-0.35308,-0.27188,-0.13204,-0.03849,-0.062
01/06/1980,-0.15223,-0.39361,-0.6719,-0.85871,-0.36992,-0.55539,-0.70321,-0.6216,-0.37718,-0.29687,-0.15886,-0.06622
01/07/1980,-0.54775,-0.46681,-0.58151,-0.75166,-0.90633,-0.41146,-0.58239,-0.72598,-0.64219,-0.40034,-0.31972,-0.18252
01/08/1980,0.13428,-0.23226,-0.34521,-0.52976,-0.76096,-0.90997,-0.40806,-0.58212,-0.72678,-0.64202,-0.40248,-0.32222
01/09/1980,1.08803,0.92244,0.73542,0.50774,0.12107,-0.31266,-0.65227,-0.19493,-0.42074,-0.57145,-0.49249,-0.25993
01/10/1980,-1.31903,-0.30222,-0.24194,-0.33944,-0.43651,-0.6654,-0.8254,-0.95906,-0.46409,-0.62999,-0.77576,-0.68745
01/11/1980,1.23135,0.28882,0.70456,0.65573,0.57186,0.45243,0.22111,-0.10338,-0.46317,-0.08431,-0.31782,-0.4713
01/12/1980,0.05578,0.67251,0.1844,0.44263,0.40993,0.35323,0.26774,0.13071,-0.17727,-0.46546,-0.13578,-0.35606
01/01/1981,-0.03833,-0.04746,0.35809,0.0815,0.23432,0.22169,0.18983,0.14483,0.06261,-0.16284,-0.42158,-0.18868
01/02/1981,1.19373,0.70674,0.60157,0.80518,0.61442,0.69954,0.68536,0.65968,0.6293,0.57635,0.39462,0.16179
01/03/1981,0.35596,1.00322,0.64536,0.57977,0.75418,0.60122,0.67595,0.66543,0.64184,0.61638,0.58011,0.41869
01/04/1981,-1.13487,-0.39173,0.45902,0.26953,0.2746,0.48356,0.32759,0.41532,0.40805,0.38566,0.36152,0.32611
01/05/1981,-0.58546,-1.20379,-0.52405,0.32325,0.1645,0.18183,0.40157,0.24292,0.33671,0.33101,0.30894,0.28568
01/06/1981,0.42238,-0.36448,-1.16277,-0.50274,0.331,0.17027,0.18381,0.39837,0.23998,0.33316,0.32713,0.30501
01/07/1981,0.8843,0.68096,-0.04791,-1.01961,-0.4379,0.37246,0.20163,0.21072,0.42004,0.26371,0.35472,0.3485
01/08/1981,2.81761,2.71275,2.26758,1.49887,0.19119,0.21611,0.80328,0.53595,0.49859,0.67494,0.53463,0.60994
01/09/1981,1.27679,2.33187,2.2768,2.34015,1.99845,0.60307,0.47327,0.96011,0.67202,0.62637,0.78178,0.65078
01/10/1981,1.46498,1.78392,2.39394,2.38512,2.39047,2.25666,1.0322,0.79789,1.16696,0.85919,0.78275,0.92644
01/11/1981,0.30596,1.04682,1.34409,1.89526,1.86759,1.89584,1.78512,0.9516,0.79287,1.14623,0.86244,0.78831
01/12/1981,0.42729,0.42675,0.87297,1.09283,1.52516,1.53713,1.5497,1.42967,0.88944,0.79786,1.15332,0.8861
01/01/1982,-0.24372,0.02235,0.09013,0.44744,0.60228,0.95386,0.98075,0.97831,0.90128,0.53531,0.53164,0.85981
01/02/1982,-1.01791,-0.78978,-0.43346,-0.33964,0.00434,0.17341,0.51707,0.54538,0.543,0.45997,0.1403,0.20931
01/03/1982,-0.90704,-1.37307,-1.03846,-0.71094,-0.61341,-0.30701,-0.13545,0.19857,0.22519,0.2235,0.14999,-0.13583
01/04/1982,1.18363,0.13464,-0.46536,-0.47785,-0.261,-0.20403,0.04339,0.17607,0.4546,0.47768,0.4788,0.42447
01/05/1982,-0.38137,0.86969,-0.00231,-0.54957,-0.54628,-0.33095,-0.26934,-0.02525,0.11099,0.39301,0.41696,0.41952
01/06/1982,-0.09698,-0.45904,0.81808,-0.04377,-0.57087,-0.56164,-0.34959,-0.29018,-0.05091,0.08506,0.36641,0.39024
01/07/1982,1.53451,0.76443,0.15559,0.97587,0.08432,-0.45672,-0.47827,-0.2772,-0.22112,0.01132,0.14186,0.41551
01/08/1982,-0.46589,0.59437,0.29324,-0.12028,0.90702,0.01773,-0.50317,-0.51386,-0.31092,-0.25405,-0.02049,0.11124
01/09/1982,-1.61946,-1.60396,-0.95077,-0.98503,-1.19926,0.37886,-0.35568,-0.78774,-0.72222,-0.4905,-0.42269,-0.18276
01/10/1982,1.48639,0.35259,0.19682,0.48443,0.33958,0.01393,0.87255,0.06617,-0.36854,-0.42454,-0.24494,-0.19008
01/11/1982,0.93686,1.46237,0.83868,0.70029,0.84947,0.74478,0.49967,1.06002,0.34592,-0.09929,-0.20738,-0.0566
01/12/1982,0.48507,0.79122,1.15448,0.77845,0.67883,0.78286,0.71163,0.56651,1.01225,0.42467,0.00645,-0.12425
01/01/1983,0.06382,0.24645,0.48703,0.77475,0.51056,0.45482,0.53754,0.49908,0.41933,0.74003,0.34762,-0.03057
01/02/1983,-1.2001,-0.67279,-0.3148,-0.04593,0.263,0.02477,-0.02205,0.05799,0.02698,-0.05613,0.27917,-0.01609
01/03/1983,-0.51553,-1.23867,-0.78217,-0.47005,-0.23318,0.04592,-0.16068,-0.19703,-0.12675,-0.15552,-0.22468,0.08962
01/04/1983,-1.22181,-1.04173,-1.50624,-1.08034,-0.77757,-0.53832,-0.26448,-0.45181,-0.48166,-0.41001,-0.43734,-0.51206
01/05/1983,1.03775,-0.51433,-0.69336,-1.22577,-0.89451,-0.62243,-0.40297,-0.14599,-0.32863,-0.35821,-0.29059,-0.31722
01/06/1983,0.68246,1.08343,-0.40741,-0.63374,-1.15857,-0.84921,-0.58658,-0.37517,-0.12637,-0.30625,-0.33601,-0.27013
01/07/1983,0.33232,0.60689,1.08359,-0.36784,-0.61661,-1.13681,-0.83398,-0.57414,-0.36454,-0.11936,-0.2972,-0.32683
01/08/1983,1.296,1.14262,1.05822,1.28768,-0.07978,-0.4563,-0.99111,-0.73523,-0.48684,-0.28447,-0.04465,-0.22174
01/09/1983,-0.39928,0.32192,0.37005,0.42543,0.91908,-0.28193,-0.55997,-1.04552,-0.78186,-0.52467,-0.31825,-0.07899
01/10/1983,-0.04694,-0.35115,0.11973,0.15266,0.21207,0.59858,-0.33015,-0.58725,-1.03223,-0.79047,-0.54922,-0.34405
01/11/1983,1.61154,1.22471,0.98072,1.11474,1.09064,1.10217,1.32594,0.50833,0.05338,-0.42891,-0.34834,-0.16263
01/12/1983,1.21302,1.62714,1.45521,1.31968,1.38077,1.36487,1.39112,1.54642,0.99139,0.54469,0.05242,0.01775
01/01/1984,-0.7104,0.28989,0.75939,0.70859,0.60597,0.68244,0.68903,0.70395,0.83599,0.44353,0.17312,-0.25587
01/02/1984,-1.96204,-1.75764,-0.63453,-0.05934,-0.07322,-0.14642,-0.05343,-0.04359,-0.02102,0.10673,-0.24952,-0.41576
01/03/1984,-0.25129,-1.61955,-1.43644,-0.6287,-0.16015,-0.17223,-0.23141,-0.14666,-0.13988,-0.1219,-0.00192,-0.30649
01/04/1984,1.23453,0.53137,-0.59235,-0.75464,-0.17384,0.18692,0.17392,0.11511,0.18314,0.18865,0.20405,0.31385
01/05/1984,1.26303,1.40021,0.7556,-0.28811,-0.53358,-0.01434,0.3204,0.30627,0.249,0.31263,0.31775,0.33405
01/06/1984,0.23537,1.15715,1.38017,0.74107,-0.28557,-0.52882,-0.01998,0.3088,0.29338,0.23702,0.29997,0.30487
01/07/1984,0.45374,0.33904,1.17365,1.39612,0.75876,-0.26577,-0.51098,-0.00851,0.31575,0.30008,0.24407,0.30618
01/08/1984,-0.37365,-0.06225,-0.02601,0.95244,1.34635,0.7103,-0.30536,-0.54148,-0.03661,0.28819,0.27392,0.21777
01/09/1984,-0.05858,-0.20836,-0.07139,-0.14233,0.6791,1.30399,0.6673,-0.31567,-0.5457,-0.03501,0.2839,0.26972
01/10/1984,0.91493,0.63618,0.47342,0.50447,0.42726,0.96178,1.40295,0.80505,-0.10302,-0.38774,0.07089,0.37662
01/11/1984,0.16829,0.58086,0.52121,0.40776,0.43914,0.3725,0.72281,1.23835,0.7614,-0.08098,-0.34647,0.09073
01/12/1984,-0.36114,-0.22896,0.12027,0.08136,0.01046,0.03993,-0.00365,0.28667,0.81308,0.49168,-0.26819,-0.49395
01/01/1985,0.36802,0.04577,0.06625,0.27371,0.21881,0.17078,0.19083,0.1724,0.38315,0.73234,0.52177,-0.13364
01/02/1985,0.05602,0.25456,0.08347,0.09068,0.24934,0.21034,0.16862,0.18198,0.16986,0.33909,0.63151,0.49131
01/03/1985,-0.24054,-0.13582,0.05905,-0.04168,-0.02946,0.11301,0.08405,0.05127,0.0613,0.04956,0.20907,0.47567
01/04/1985,-0.75038,-0.64148,-0.49806,-0.21874,-0.26726,-0.23845,-0.09917,-0.11618,-0.14406,-0.13171,-0.14183,0.01587
01/05/1985,-0.25703,-0.79106,-0.68729,-0.5609,-0.28201,-0.32451,-0.29114,-0.15492,-0.16918,-0.19539,-0.18281,-0.19252
01/06/1985,-0.63783,-0.57642,-0.94237,-0.76818,-0.62107,-0.328,-0.36777,-0.33522,-0.20206,-0.215,-0.24108,-0.22859
01/07/1985,0.4487,-0.20612,-0.39562,-0.87667,-0.74001,-0.59806,-0.31239,-0.35274,-0.32035,-0.18945,-0.20264,-0.22867
01/08/1985,-1.45566,-0.79613,-0.96988,-0.97413,-1.18575,-0.89751,-0.71927,-0.39951,-0.43437,-0.3986,-0.26643,-0.27721
01/09/1985,0.39678,-0.19566,-0.06147,-0.38162,-0.65375,-1.00852,-0.81469,-0.63662,-0.34581,-0.37827,-0.34434,-0.21482
01/10/1985,-1.48116,-0.91241,-1.17863,-1.03798,-1.12766,-1.2438,-1.41777,-1.13404,-0.9376,-0.58012,-0.60605,-0.56014
01/11/1985,-0.82288,-1.36421,-1.12364,-1.28339,-1.17404,-1.22572,-1.27834,-1.48002,-1.26822,-1.09834,-0.73551,-0.74173
01/12/1985,0.89827,0.29003,-0.24584,-0.14367,-0.31225,-0.27256,-0.38739,-0.50681,-0.82591,-0.82366,-0.71947,-0.47167
01/01/1986,-0.31388,0.27048,-0.03691,-0.36202,-0.30373,-0.41839,-0.3906,-0.46423,-0.56289,-0.8302,-0.8539,-0.78836
01/02/1986,0.50164,0.10728,0.44732,0.21304,-0.04451,-0.01028,-0.11198,-0.09579,-0.15457,-0.22863,-0.47197,-0.53684
01/03/1986,-0.57329,0.0078,-0.18879,0.17516,-0.02297,-0.24891,-0.20898,-0.294,-0.28067,-0.33421,-0.39676,-0.59318
01/04/1986,0.23885,-0.3375,0.00605,-0.16839,0.16599,-0.00406,-0.21019,-0.17207,-0.24847,-0.23547,-0.28533,-0.34129
01/05/1986,-1.59306,-0.36076,-0.63844,-0.2523,-0.3611,-0.00427,-0.16752,-0.37648,-0.33142,-0.40578,-0.39191,-0.44215
01/06/1986,1.03375,-0.7018,-0.15607,-0.52139,-0.15935,-0.2932,0.04479,-0.11764,-0.32231,-0.28129,-0.35479,-0.3417
01/07/1986,0.81805,1.08152,-0.35526,-0.0496,-0.4627,-0.11547,-0.25929,0.07084,-0.09022,-0.29176,-0.25252,-0.32529
01/08/1986,0.44185,0.70016,0.95658,-0.21923,0.01141,-0.43348,-0.08663,-0.23795,0.08469,-0.07707,-0.27667,-0.23847
01/09/1986,1.07662,1.01169,1.09296,1.24872,0.33489,0.36272,-0.19571,0.10505,-0.0895,0.2128,0.05138,-0.14028
01/10/1986,1.44154,1.66326,1.54114,1.56196,1.64768,1.09827,0.83762,0.19203,0.42332,0.15935,0.39642,0.24404
01/11/1986,2.37495,2.47494,2.33186,2.24532,2.19182,2.31956,2.17777,1.74168,1.09679,1.06737,0.72282,0.8471
01/12/1986,-1.51163,0.71618,1.08057,1.22653,1.19958,1.21738,1.27949,1.00945,0.93635,0.47669,0.61297,0.35197
01/01/1987,-0.64637,-1.28573,0.08183,0.43351,0.55281,0.55586,0.58889,0.63735,0.44462,0.42373,0.13731,0.26188
01/02/1987,-0.14448,-0.50368,-1.04248,0.01815,0.30615,0.41364,0.41791,0.44484,0.48796,0.32093,0.31186,0.1028
01/03/1987,-0.83103,-0.65615,-0.78563,-1.18194,-0.27466,-0.00259,0.11223,0.12222,0.14697,0.18872,0.0362,0.04208
01/04/1987,-0.80646,-1.04235,-0.9293,-0.97265,-1.29703,-0.48483,-0.22481,-0.09974,-0.08565,-0.05864,-0.01561,-0.16739
01/05/1987,-1.98945,-1.35279,-1.32606,-1.20719,-1.17226,-1.46916,-0.67886,-0.41904,-0.28429,-0.26695,-0.23842,-0.19401
01/06/1987,-0.02431,-1.9291,-1.40951,-1.33964,-1.21151,-1.17279,-1.45926,-0.68828,-0.43571,-0.3032,-0.28644,-0.25839
01/07/1987,1.06769,0.51422,-1.21456,-1.22709,-1.24819,-1.13284,-1.11351,-1.39637,-0.63792,-0.39065,-0.26233,-0.24653
01/08/1987,0.7809,1.05959,0.6934,-0.6852,-1.08949,-1.16954,-1.05799,-1.06676,-1.34826,-0.59597,-0.35241,-0.22712
01/09/1987,2.40433,2.15094,2.13644,2.10222,1.30025,0.262,-0.39395,-0.39539,-0.58301,-0.88997,-0.18806,0.03432
01/10/1987,-0.88436,1.28588,1.2941,1.36781,1.24256,0.50069,-0.16892,-0.6325,-0.57325,-0.72446,-1.02529,-0.32205
01/11/1987,1.06855,0.34985,1.41466,1.41337,1.43616,1.37879,0.90515,0.31884,-0.22583,-0.23538,-0.4491,-0.74344
01/12/1987,0.17251,0.65126,0.29657,1.02122,1.03562,1.07771,1.02625,0.68022,0.22429,-0.21059,-0.23576,-0.44811
01/01/1988,-0.36838,-0.20057,0.17404,-0.01545,0.49883,0.53038,0.5785,0.54479,0.30882,-0.00646,-0.33727,-0.39271
01/02/1988,1.21314,0.57516,0.52754,0.70379,0.56401,0.87898,0.89789,0.92702,0.90507,0.74934,0.51413,0.23742
01/03/1988,1.34588,1.50321,0.96109,0.87692,0.98899,0.89172,1.11576,1.12994,1.15085,1.1377,1.0301,0.83695
01/04/1988,1.49252,1.62985,1.72946,1.2134,1.11224,1.20875,1.12869,1.31148,1.32378,1.34201,1.33644,1.25087
01/05/1988,-0.24601,1.21258,1.47208,1.63878,1.14887,1.06135,1.16451,1.08272,1.27395,1.28694,1.30604,1.30173
01/06/1988,0.75764,0.11161,1.26325,1.49523,1.64341,1.15875,1.06977,1.17109,1.09004,1.28186,1.29514,1.31422
01/07/1988,0.28175,0.6447,0.16455,1.26821,1.50442,1.64959,1.15974,1.06899,1.16804,1.08707,1.27869,1.29205
01/08/1988,-0.33029,-0.13138,0.24786,-0.06669,1.22027,1.47496,1.61793,1.14056,1.05029,1.14844,1.06876,1.26181
01/09/1988,1.41365,1.06852,1.0337,1.0852,0.71401,1.53063,1.66576,1.71892,1.24861,1.149,1.23228,1.15821
01/10/1988,1.47723,1.86517,1.59642,1.55001,1.57155,1.37414,1.7881,1.89568,1.82886,1.38357,1.27123,1.34865
01/11/1988,0.55043,1.20974,1.50821,1.3712,1.32914,1.36095,1.2156,1.70934,1.85895,1.83435,1.39907,1.28247
01/12/1988,1.4278,1.37214,1.59571,1.74943,1.66606,1.64356,1.69202,1.62684,2.0562,2.11808,2.05935,1.63079
01/01/1989,1.1806,1.41605,1.41834,1.53422,1.63609,1.59997,1.59465,1.61702,1.59322,1.82327,1.94336,1.99305
01/02/1989,1.66841,1.55418,1.63272,1.63882,1.71539,1.7767,1.76421,1.76399,1.77711,1.75995,1.91019,1.97351
01/03/1989,0.34019,1.34709,1.37413,1.48719,1.49895,1.58856,1.64659,1.63089,1.63241,1.64832,1.62982,1.7595
01/04/1989,1.07566,0.74943,1.44822,1.45197,1.55084,1.56527,1.65253,1.70205,1.68695,1.6879,1.70661,1.69168
01/05/1989,-0.36501,0.76576,0.58474,1.34423,1.3866,1.51015,1.52584,1.61733,1.67095,1.65501,1.65622,1.67629
01/06/1989,0.71679,-0.00582,0.8343,0.62197,1.35272,1.39102,1.51358,1.52994,1.62351,1.67863,1.66323,1.66455
01/07/1989,0.94143,0.90364,0.26937,0.91452,0.67595,1.38349,1.40994,1.52615,1.53997,1.63304,1.68772,1.67257
01/08/1989,-0.26895,0.30365,0.50313,0.05185,0.86678,0.63442,1.35346,1.39341,1.51261,1.52543,1.62093,1.67585
01/09/1989,1.03667,0.7568,0.90329,0.94275,0.5103,1.1059,0.80519,1.43078,1.44908,1.54815,1.55587,1.64598
01/10/1989,0.44629,0.90557,0.73817,0.8366,0.86237,0.5521,1.07285,0.81993,1.4316,1.4618,1.56722,1.57498
01/11/1989,0.10595,0.25418,0.65544,0.55065,0.63063,0.64387,0.39727,0.9161,0.75804,1.37496,1.42489,1.52698
01/12/1989,-0.68752,-0.49065,-0.28861,0.00578,-0.0505,0.02654,0.04483,-0.10647,0.37184,0.38387,1.13555,1.27041
01/01/1990,-0.19422,-0.53387,-0.46404,-0.32317,-0.13984,-0.17386,-0.1165,-0.08854,-0.19074,0.17806,0.21803,0.85666
01/02/1990,0.21919,-0.00372,-0.25931,-0.24023,-0.15225,-0.00958,-0.04474,-0.00301,0.02173,-0.05973,0.23271,0.28595
01/03/1990,-0.77779,-0.33737,-0.35997,-0.51658,-0.48523,-0.40936,-0.26792,-0.29301,-0.25581,-0.2337,-0.30403,-0.01818
01/04/1990,0.58771,-0.24262,-0.09783,-0.19578,-0.33254,-0.31366,-0.25186,-0.1304,-0.15322,-0.11974,-0.10064,-0.15947
01/05/1990,-0.85472,0.16377,-0.43489,-0.26281,-0.32179,-0.44542,-0.42023,-0.35966,-0.23442,-0.25526,-0.22118,-0.20169
01/06/1990,0.65818,-0.43541,0.24749,-0.38359,-0.21805,-0.28984,-0.41574,-0.39377,-0.33668,-0.21572,-0.23692,-0.2038
01/07/1990,0.39867,0.61741,-0.28976,0.28327,-0.36324,-0.20255,-0.27697,-0.40234,-0.38014,-0.32421,-0.2053,-0.2265
01/08/1990,-0.26815,-0.02153,0.2527,-0.44943,0.2214,-0.41236,-0.23398,-0.30015,-0.42625,-0.40315,-0.34758,-0.228
01/09/1990,-0.38045,-0.43887,-0.29497,-0.17496,-0.75242,0.02814,-0.51337,-0.29997,-0.34614,-0.46124,-0.43493,-0.37987
01/10/1990,-0.45847,-0.6433,-0.65935,-0.56087,-0.44083,-0.85077,-0.22216,-0.64182,-0.39285,-0.42377,-0.54508,-0.51429
01/11/1990,-0.90005,-0.94688,-1.00149,-0.99559,-0.90041,-0.80445,-1.05189,-0.60014,-0.86209,-0.62942,-0.60231,-0.69798
01/12/1990,0.80936,0.16137,-0.03058,-0.14049,-0.18897,-0.15768,-0.14161,-0.37344,-0.15464,-0.49206,-0.33563,-0.38228
01/01/1991,1.32339,1.25795,0.98821,0.86819,0.77282,0.7287,0.73766,0.75049,0.63468,0.7085,0.35176,0.35122
01/02/1991,-0.12242,0.9016,0.97998,0.76813,0.68333,0.60552,0.57146,0.57873,0.59073,0.48763,0.55936,0.29547
01/03/1991,1.38064,0.89897,1.18844,1.2001,1.04743,0.9892,0.93057,0.90611,0.90934,0.91939,0.85508,0.88329
01/04/1991,-1.32262,0.49993,0.28893,0.82944,0.92566,0.77391,0.71944,0.65973,0.6362,0.64149,0.65462,0.58934
01/05/1991,-1.35491,-1.58441,0.19422,0.05987,0.67674,0.80465,0.65276,0.59611,0.53969,0.51699,0.52327,0.53815
01/06/1991,1.1232,-0.43592,-1.33641,0.30363,0.15462,0.72274,0.83836,0.68744,0.63092,0.57557,0.55283,0.55868
01/07/1991,0.5202,1.04116,-0.24585,-1.25375,0.32844,0.17462,0.73281,0.84488,0.69297,0.63661,0.58151,0.55885
01/08/1991,0.9437,0.92647,1.15346,0.0987,-1.06916,0.41337,0.24893,0.77667,0.87675,0.72412,0.67022,0.61479
01/09/1991,0.78087,0.97746,0.99915,1.19891,0.36679,-0.73559,0.53859,0.36259,0.8398,0.93126,0.78017,0.72861
01/10/1991,0.6236,0.87244,0.99873,1.00819,1.14416,0.55215,-0.4196,0.60565,0.45907,0.89076,0.9669,0.82147
01/11/1991,-0.04854,0.24665,0.54391,0.65192,0.67485,0.77485,0.3168,-0.39865,0.51763,0.39002,0.84099,0.92189
01/12/1991,1.39866,1.12915,1.15145,1.22844,1.25192,1.24933,1.32453,1.08772,0.45895,1.03411,0.84288,1.13498
01/01/1992,-1.15043,0.23619,0.17126,0.29601,0.37375,0.42502,0.44465,0.50638,0.32411,-0.13026,0.45931,0.3414
01/02/1992,-1.27252,-1.57526,-0.35783,-0.3734,-0.23919,-0.13167,-0.07572,-0.05633,0.00982,-0.17095,-0.55653,0.07033
01/03/1992,-0.58835,-1.3449,-1.47146,-0.53209,-0.53649,-0.42572,-0.32179,-0.26611,-0.24986,-0.1915,-0.34952,-0.6713
01/04/1992,-1.71521,-1.30938,-1.75567,-1.76462,-0.95282,-0.93916,-0.83972,-0.71191,-0.65016,-0.63055,-0.57182,-0.74006
01/05/1992,-0.5137,-1.61667,-1.33447,-1.79684,-1.77505,-1.00966,-0.99756,-0.90183,-0.77833,-0.71707,-0.69781,-0.64126
01/06/1992,0.05351,-0.50566,-1.66386,-1.3401,-1.78454,-1.75911,-1.00712,-0.99465,-0.90292,-0.78389,-0.72443,-0.70559
01/07/1992,-0.02605,-0.03576,-0.5056,-1.66173,-1.34207,-1.77537,-1.74895,-1.00538,-0.98964,-0.89942,-0.78209,-0.72363
01/08/1992,1.02565,0.76573,0.4908,-0.04805,-1.46034,-1.22658,-1.6689,-1.68483,-0.93894,-0.92318,-0.83619,-0.72266
01/09/1992,-0.81817,-0.18245,-0.18014,-0.29765,-0.70567,-1.72237,-1.37835,-1.78106,-1.78397,-1.03566,-1.0075,-0.92065
01/10/1992,0.18523,-0.42002,-0.05588,-0.07528,-0.15539,-0.49578,-1.36116,-1.25472,-1.69979,-1.73822,-1.00725,-0.98589
01/11/1992,0.26383,0.22626,-0.06727,0.12388,0.1172,0.03069,-0.2482,-1.0161,-1.07579,-1.47395,-1.58941,-0.90934
01/12/1992,-0.66925,-0.38751,-0.29658,-0.5034,-0.35314,-0.35216,-0.40092,-0.56593,-1.17894,-1.2353,-1.62623,-1.73088
01/01/1993,-1.18254,-1.19307,-0.96437,-0.86042,-0.98049,-0.85445,-0.85237,-0.86911,-1.01599,-1.52035,-1.54731,-1.86645
01/02/1993,0.6914,-0.20692,-0.43303,-0.35161,-0.31085,-0.43524,-0.35969,-0.36484,-0.38413,-0.49493,-0.9754,-1.11448
01/03/1993,-0.89667,-0.0105,-0.57485,-0.70681,-0.62033,-0.58931,-0.68561,-0.61105,-0.6154,-0.63333,-0.73437,-1.12636
01/04/1993,-0.17066,-0.76349,-0.17531,-0.61847,-0.72101,-0.64861,-0.62663,-0.70766,-0.63914,-0.64249,-0.6619,-0.76019
01/05/1993,0.0329,-0.22143,-0.7357,-0.20295,-0.63086,-0.72805,-0.65848,-0.63752,-0.71803,-0.65136,-0.65487,-0.6752
01/06/1993,0.00248,-0.03374,-0.26155,-0.75818,-0.22152,-0.63912,-0.73458,-0.66694,-0.64822,-0.72763,-0.66276,-0.66618
01/07/1993,-1.22553,-0.74336,-0.44393,-0.43027,-0.85728,-0.30332,-0.69517,-0.78464,-0.71329,-0.69496,-0.77139,-0.70666
01/08/1993,-0.1552,-0.82861,-0.69041,-0.53564,-0.49014,-0.89204,-0.32531,-0.71365,-0.80224,-0.72861,-0.71197,-0.787
01/09/1993,-1.13191,-1.04239,-1.29367,-1.22649,-1.2026,-0.96063,-1.12938,-0.51959,-0.85558,-0.93486,-0.84761,-0.83193
01/10/1993,0.61533,-0.25127,-0.27247,-0.48465,-0.5348,-0.63428,-0.6006,-0.92856,-0.37134,-0.74807,-0.83977,-0.76301
01/11/1993,0.60105,0.71218,0.27099,0.20408,0.06327,-0.02848,-0.1608,-0.25348,-0.66871,-0.20355,-0.58788,-0.68021
01/12/1993,0.43669,0.58308,0.68143,0.38294,0.3222,0.21761,0.14687,0.07261,-0.10117,-0.49329,-0.10798,-0.49862
01/01/1994,0.48212,0.49679,0.59551,0.67268,0.47051,0.43417,0.37121,0.33707,0.30467,0.16791,-0.1986,0.04837
01/02/1994,1.08778,0.88785,0.85913,0.90375,0.9455,0.80568,0.77885,0.73259,0.70961,0.68807,0.57556,0.28365
01/03/1994,0.4363,0.96653,0.82006,0.8172,0.8593,0.9066,0.78815,0.76648,0.72559,0.70695,0.69728,0.59318
01/04/1994,-1.11307,-0.31777,0.42512,0.45932,0.53213,0.59968,0.65934,0.53763,0.51802,0.47702,0.45995,0.45315
01/05/1994,-0.46991,-1.14772,-0.43546,0.30439,0.36527,0.45176,0.52799,0.58847,0.46925,0.45086,0.4099,0.39396
01/06/1994,1.12636,0.19751,-0.89524,-0.30508,0.3893,0.42154,0.49539,0.56605,0.62369,0.50692,0.48835,0.44796
01/07/1994,1.36258,1.36768,0.57641,-0.66191,-0.19201,0.46449,0.47382,0.53815,0.60436,0.66006,0.545,0.52649
01/08/1994,0.55907,1.07207,1.2465,0.60549,-0.57442,-0.15015,0.49421,0.49797,0.5545,0.61705,0.67385,0.55889
01/09/1994,-0.60785,-0.26723,0.179,0.46846,-0.00869,-0.83853,-0.30379,0.38977,0.42812,0.50365,0.56389,0.62128
01/10/1994,0.14199,-0.3289,-0.1404,0.13679,0.35019,-0.0076,-0.70253,-0.30828,0.39298,0.42904,0.49093,0.55649
01/11/1994,0.18025,0.14067,-0.06746,0.01792,0.20537,0.32629,0.04762,-0.52543,-0.24085,0.3806,0.42979,0.49222
01/12/1994,-0.34145,-0.20836,-0.15723,-0.31764,-0.25418,-0.12155,-0.02781,-0.19705,-0.68641,-0.4138,0.18524,0.28049
01/01/1995,-0.7971,-0.76284,-0.6334,-0.55952,-0.66605,-0.60938,-0.50869,-0.41862,-0.54699,-0.92259,-0.6691,-0.16555
01/02/1995,-2.17905,-1.97976,-1.81098,-1.56137,-1.48408,-1.49132,-1.41712,-1.31764,-1.21007,-1.33289,-1.61551,-1.32364
01/03/1995,1.08739,-0.52756,-0.7702,-0.77279,-0.70137,-0.67731,-0.74231,-0.70536,-0.63487,-0.56722,-0.66101,-0.92474
01/04/1995,-0.7266,0.42649,-0.80112,-0.93815,-0.92528,-0.86091,-0.84664,-0.89217,-0.85542,-0.78877,-0.72759,-0.82476
01/05/1995,0.06002,-0.65104,0.35269,-0.79415,-0.93077,-0.91801,-0.8592,-0.84527,-0.8932,-0.85804,-0.79396,-0.73631
01/06/1995,0.12951,0.04505,-0.6692,0.3304,-0.79227,-0.92609,-0.9131,-0.85573,-0.84365,-0.8918,-0.85796,-0.79547
01/07/1995,0.9338,0.52624,0.30883,-0.52742,0.3885,-0.73063,-0.87793,-0.86685,-0.80934,-0.79752,-0.8467,-0.81425
01/08/1995,-0.45755,0.17821,0.08888,0.02896,-0.64596,0.32652,-0.77559,-0.91546,-0.90104,-0.83983,-0.83017,-0.87719
01/09/1995,0.06441,-0.13578,0.13922,0.01263,-0.14404,-0.65002,0.30575,-0.75288,-0.9008,-0.88812,-0.82149,-0.81227
01/10/1995,1.02389,0.79817,0.60227,0.71102,0.60495,0.45009,-0.15959,0.50056,-0.4843,-0.70905,-0.71879,-0.66504
01/11/1995,2.05717,2.04224,1.79443,1.64306,1.63641,1.61291,1.57656,0.92044,1.16386,0.23562,-0.11593,-0.16951
01/12/1995,1.74023,2.18632,2.17123,2.09948,2.0184,2.02038,2.05352,2.05314,1.68966,1.73289,0.91471,0.48573
01/01/1996,0.2808,1.13738,1.52407,1.55991,1.53796,1.49535,1.51163,1.50453,1.50092,1.27496,1.40731,0.80298
01/02/1996,0.37994,0.37467,1.02536,1.34283,1.39938,1.37161,1.34498,1.36215,1.35139,1.34292,1.16381,1.29579
01/03/1996,-1.03698,-0.3581,-0.12367,0.62697,0.97999,1.06584,1.03957,1.01047,1.02859,1.01838,1.01321,0.83019
01/04/1996,-0.36465,-0.94865,-0.53013,-0.28463,0.46527,0.84012,0.93584,0.90936,0.88135,0.90091,0.8935,0.89355
01/05/1996,0.12367,-0.34143,-0.88132,-0.52464,-0.29948,0.4344,0.81458,0.91025,0.8874,0.86014,0.88032,0.87474
01/06/1996,-0.86246,-0.27239,-0.51598,-0.97594,-0.59955,-0.35523,0.38271,0.76719,0.86496,0.84322,0.81556,0.83606
01/07/1996,2.86395,1.51197,0.99142,0.16119,-0.57845,-0.28006,-0.13335,0.5391,0.89212,0.98197,0.95983,0.93336
01/08/1996,1.45589,2.40204,1.73972,1.26876,0.46117,-0.38664,-0.12222,-0.02342,0.61248,0.94915,1.03728,1.0146
01/09/1996,1.02345,1.37324,1.96738,1.77843,1.61208,0.7384,-0.16552,0.06057,0.108,0.70472,1.0135,1.09584
01/10/1996,-0.49809,0.24153,0.68074,1.33404,1.09096,0.97709,0.41874,-0.33485,-0.0463,0.0244,0.62853,0.95516
01/11/1996,1.90601,1.33161,1.46894,1.5756,1.83241,1.75554,1.75725,1.20454,0.42435,0.51964,0.45852,0.91725
01/12/1996,1.28829,1.81384,1.55614,1.6421,1.70456,1.88657,1.85754,1.85257,1.57251,0.8936,0.89573,0.76343
01/01/1997,1.14956,1.33241,1.62906,1.49841,1.55968,1.60786,1.72454,1.69529,1.69909,1.54638,1.16257,1.12094
01/02/1997,-0.67089,0.53413,0.90184,1.21059,1.12686,1.17603,1.23053,1.34822,1.31079,1.30611,1.17556,0.87637
01/03/1997,1.35569,0.62384,0.94017,1.13614,1.36036,1.30305,1.34169,1.38334,1.47521,1.45094,1.4497,1.33258
01/04/1997,-0.06092,0.94089,0.4136,0.79322,1.03056,1.27048,1.21988,1.25661,1.29907,1.39191,1.37,1.37338
01/05/1997,1.11817,0.37465,1.06051,0.5772,0.87683,1.09275,1.32481,1.27455,1.31275,1.354,1.44431,1.4255
01/06/1997,0.59366,1.12308,0.43721,1.07559,0.59434,0.88206,1.09375,1.32464,1.27529,1.31474,1.35651,1.44738
01/07/1997,0.41588,0.57627,1.13525,0.47077,1.09033,0.60532,0.8877,1.09622,1.3243,1.27507,1.31432,1.35615
01/08/1997,-1.03797,-0.53592,-0.13128,0.76733,0.30581,1.00493,0.52647,0.84052,1.05753,1.28903,1.24102,1.28085
01/09/1997,-0.25121,-0.61642,-0.45102,-0.33596,0.36552,0.15802,0.93619,0.4723,0.80558,1.0314,1.25588,1.20935
01/10/1997,-0.20033,-0.37856,-0.59915,-0.50134,-0.40641,0.08473,-0.01519,0.81209,0.41283,0.76253,0.99271,1.22757
01/11/1997,0.52449,0.22606,0.14054,-0.05103,0.00379,0.01278,0.30126,0.17549,0.86715,0.48145,0.80445,1.01556
01/12/1997,-0.99818,-0.45247,-0.48761,-0.53852,-0.64294,-0.59569,-0.56664,-0.31752,-0.40464,0.39453,0.10288,0.54018
01/01/1998,0.58818,-0.04887,0.10127,0.05457,-0.02383,-0.1136,-0.09173,-0.07672,0.10297,0.00786,0.54761,0.26542
01/02/1998,-0.14774,0.3043,-0.08357,0.03238,-0.01055,-0.06606,-0.14525,-0.13034,-0.11362,0.03487,-0.03928,0.45704
01/03/1998,0.66863,0.33422,0.46186,0.1636,0.23614,0.20063,0.14937,0.08631,0.0945,0.10393,0.23336,0.16109
01/04/1998,-1.42103,-0.2588,-0.32108,0.01592,-0.21312,-0.11295,-0.1471,-0.18278,-0.24078,-0.22918,-0.2179,-0.08796
01/05/1998,-0.02972,-1.21825,-0.29437,-0.35324,-0.0278,-0.24777,-0.14508,-0.17932,-0.2129,-0.26883,-0.25725,-0.24602
01/06/1998,-0.38069,-0.2492,-1.33608,-0.35893,-0.39849,-0.06386,-0.28077,-0.18015,-0.2159,-0.24834,-0.30386,-0.29242
01/07/1998,0.13468,-0.23696,-0.21286,-1.31364,-0.35991,-0.39845,-0.06457,-0.27969,-0.17968,-0.21538,-0.24745,-0.30251
01/08/1998,0.69154,0.55328,0.14322,0.00367,-1.2025,-0.29921,-0.34017,-0.02613,-0.24697,-0.15014,-0.18519,-0.21826
01/09/1998,0.8548,0.93011,0.87763,0.59961,0.34222,-0.82048,-0.12628,-0.18059,0.08094,-0.13541,-0.04703,-0.08129
01/10/1998,0.80878,1.05521,1.08115,1.03181,0.83761,0.65129,-0.40071,0.0375,-0.00413,0.19325,-0.04244,0.04244
01/11/1998,0.30707,0.61225,0.86476,0.89374,0.86366,0.72758,0.57317,-0.22928,0.10944,0.04556,0.22904,0.00801
01/12/1998,0.52296,0.50235,0.67887,0.81768,0.83114,0.81348,0.72101,0.63909,-0.0333,0.23338,0.15384,0.30089
01/01/1999,0.17692,0.3386,0.37051,0.51371,0.58963,0.61086,0.60933,0.55683,0.52212,0.05307,0.2438,0.13538
01/02/1999,-1.46704,-0.7443,-0.34942,-0.26463,-0.09713,0.01012,0.03987,0.03977,-0.00606,-0.04895,-0.45651,-0.19478
01/03/1999,-0.70807,-1.57889,-0.919,-0.5682,-0.48359,-0.33799,-0.22983,-0.19635,-0.19735,-0.23953,-0.27408,-0.61817
01/04/1999,-1.33452,-1.21287,-1.7808,-1.22315,-0.89446,-0.80245,-0.66861,-0.5427,-0.50412,-0.50194,-0.54246,-0.58476
01/05/1999,1.49461,-0.22918,-0.63704,-1.31194,-0.90291,-0.61639,-0.54212,-0.41811,-0.31398,-0.28047,-0.27966,-0.31864
01/06/1999,-0.5195,1.23749,-0.35296,-0.70907,-1.35202,-0.93511,-0.65089,-0.57775,-0.45762,-0.35399,-0.32092,-0.3201
01/07/1999,-1.2935,-1.17676,0.98314,-0.53249,-0.81393,-1.4287,-0.99196,-0.70413,-0.62747,-0.50826,-0.403,-0.36963
01/08/1999,0.79609,-0.03394,-0.36567,1.04495,-0.38547,-0.73512,-1.35137,-0.94328,-0.65973,-0.58452,-0.46764,-0.36516
01/09/1999,0.85253,0.96911,0.6292,0.30766,1.27997,-0.08739,-0.54703,-1.16027,-0.8144,-0.54087,-0.46971,-0.35564
01/10/1999,0.05992,0.51018,0.65732,0.4071,0.18903,0.95075,-0.12794,-0.54968,-1.12043,-0.80506,-0.54945,-0.47872
01/11/1999,-0.9436,-0.72273,-0.27575,-0.12073,-0.25915,-0.40024,0.14511,-0.54357,-0.79465,-1.29185,-0.97527,-0.71092
01/12/1999,2.36028,1.96987,1.80633,1.84481,1.83582,1.74758,1.71894,1.98979,1.46127,0.89449,0.29014,0.24609
01/01/2000,1.53645,2.08289,1.90558,1.81637,1.86356,1.87041,1.82923,1.8129,1.95312,1.69272,1.38198,0.92901
01/02/2000,0.89263,1.42993,1.87834,1.75781,1.7161,1.74042,1.75666,1.7299,1.71066,1.81604,1.61562,1.38762
01/03/2000,0.66393,0.9535,1.34248,1.76797,1.66172,1.63879,1.66158,1.67298,1.65061,1.63737,1.7297,1.53977
01/04/2000,0.64046,0.69771,0.95412,1.32918,1.76157,1.65761,1.64142,1.65851,1.66882,1.6465,1.63693,1.72839
01/05/2000,0.42853,0.59816,0.67811,0.94441,1.31659,1.76416,1.6569,1.64096,1.66068,1.67077,1.64861,1.64042
01/06/2000,-0.88661,0.04002,0.45274,0.58225,0.87242,1.26971,1.73531,1.62783,1.61423,1.63567,1.64667,1.6239
01/07/2000,0.35296,-0.40606,0.12057,0.47864,0.59368,0.87949,1.27262,1.73597,1.62628,1.61295,1.63424,1.64542
01/08/2000,-1.04408,-0.57858,-0.91508,-0.34535,0.31336,0.48881,0.80582,1.2316,1.70915,1.597,1.58529,1.60673
01/09/2000,1.73995,1.19887,1.16623,0.81188,0.80926,0.90733,0.85222,1.04671,1.36876,1.77637,1.66993,1.65853
01/10/2000,-1.27422,0.32855,0.04617,0.08781,-0.17374,-0.12835,0.3333,0.49816,0.82984,1.2395,1.7077,1.59444
01/11/2000,1.62612,0.71584,1.3001,1.08979,1.06894,0.89842,0.88948,0.98792,0.97354,1.13102,1.42057,1.80108
01/12/2000,-0.04369,0.86408,0.39334,0.83089,0.68256,0.68332,0.54899,0.56159,0.70636,0.79683,1.0196,1.36053
01/01/2001,0.40229,0.21606,0.71097,0.45769,0.70655,0.62015,0.62852,0.55294,0.58192,0.67757,0.76151,0.92899
01/02/2001,-0.29546,0.09319,0.05856,0.47903,0.27287,0.49623,0.42466,0.43126,0.36814,0.38786,0.48256,0.60399
01/03/2001,0.63812,0.22411,0.29748,0.25527,0.56987,0.41039,0.58715,0.53027,0.53332,0.48148,0.50771,0.57303
01/04/2001,2.15925,1.72731,1.28295,1.04653,0.92934,1.13313,1.01925,1.13156,1.09056,1.09308,1.06241,1.08834
01/05/2001,-0.47482,1.88594,1.5471,1.16663,0.96185,0.85871,1.07439,0.95733,1.07732,1.03591,1.03903,1.00901
01/06/2001,-0.73893,-0.83726,1.79541,1.48333,1.10396,0.91413,0.81565,1.0348,0.91603,1.04012,0.99803,1.00112
01/07/2001,0.94689,0.0564,-0.41089,1.83385,1.52533,1.13792,0.93839,0.83587,1.04966,0.93202,1.05432,1.01266
01/08/2001,1.05772,1.19886,0.56851,0.0374,1.90278,1.59121,1.18916,0.9844,0.87409,1.08006,0.96614,1.08516
01/09/2001,1.94138,1.8623,1.86231,1.66566,1.24733,2.25647,1.87302,1.41583,1.17354,1.04871,1.22276,1.11995
01/10/2001,0.65153,1.66812,1.67067,1.70083,1.50707,1.23033,2.27867,1.94113,1.44286,1.21454,1.08546,1.25914
01/11/2001,1.94882,1.80163,2.08708,2.07333,2.03843,2.00014,1.93345,2.55602,2.23269,1.72299,1.45881,1.30648
01/12/2001,0.1691,1.19488,1.21599,1.55424,1.57642,1.5906,1.53482,1.42761,2.34575,2.07424,1.66746,1.43313
01/01/2002,0.71741,0.54707,1.06983,1.10341,1.31245,1.34065,1.36094,1.31884,1.26771,1.82591,1.77078,1.553
01/02/2002,-0.41633,0.27271,0.28149,0.75413,0.81095,1.00054,1.03378,1.05589,1.01298,0.95899,1.48053,1.46628
01/03/2002,-0.20581,-0.45182,0.087,0.13791,0.56672,0.63336,0.81696,0.84965,0.86997,0.83084,0.78674,1.27669
01/04/2002,-0.77442,-0.62977,-0.76043,-0.19872,-0.10027,0.34923,0.4235,0.61982,0.65651,0.6793,0.64145,0.60027
01/05/2002,1.39442,0.07112,-0.17189,-0.39257,0.01682,0.08292,0.49609,0.56227,0.74432,0.77869,0.80026,0.76762
01/06/2002,0.97847,1.45746,0.23821,-0.07603,-0.30339,0.06921,0.12482,0.52419,0.5877,0.7669,0.80056,0.82166
01/07/2002,1.33441,1.25578,1.58582,0.40956,0.02941,-0.21436,0.12715,0.17449,0.5622,0.62365,0.79833,0.83116
01/08/2002,0.52085,1.03279,1.13573,1.56525,0.47833,0.06468,-0.1765,0.1521,0.19208,0.57346,0.63599,0.80854
01/09/2002,-0.29075,-0.02639,0.36979,0.55815,1.3581,0.32301,-0.02569,-0.22844,0.11515,0.16943,0.54583,0.60804
01/10/2002,-0.61843,-0.70542,-0.49649,-0.19651,-0.00678,0.68597,-0.01758,-0.23263,-0.35478,0.01496,0.06534,0.46024
01/11/2002,0.90316,0.33193,0.22117,0.27424,0.43462,0.50757,0.92768,0.35163,0.07084,-0.09782,0.18626,0.21899
01/12/2002,0.61274,0.8649,0.58075,0.46914,0.47948,0.57315,0.6221,0.93121,0.48506,0.24039,0.0588,0.28715
01/01/2003,-1.2318,-0.43433,-0.07935,-0.2087,-0.28206,-0.24546,-0.15547,-0.09628,0.16766,-0.13886,-0.25088,-0.40613
01/02/2003,0.26037,-0.55923,-0.16498,0.07001,-0.04417,-0.10378,-0.08453,-0.01703,0.03238,0.24169,-0.00793,-0.09778
01/03/2003,-1.0958,-0.49372,-0.93879,-0.54474,-0.30787,-0.4095,-0.44688,-0.42037,-0.3579,-0.31157,-0.1092,-0.32082
01/04/2003,-1.59775,-1.56024,-1.09272,-1.30771,-0.93646,-0.69378,-0.79746,-0.80813,-0.77582,-0.71211,-0.66647,-0.47449
01/05/2003,-0.36051,-1.47572,-1.52968,-1.14423,-1.3314,-0.97779,-0.74521,-0.84541,-0.85701,-0.82508,-0.76312,-0.71995
01/06/2003,0.364,-0.20668,-1.45275,-1.49747,-1.11392,-1.30335,-0.9565,-0.73052,-0.82948,-0.8429,-0.81243,-0.75213
01/07/2003,-0.3554,0.03121,-0.33286,-1.5002,-1.52035,-1.1368,-1.31443,-0.96913,-0.74243,-0.84022,-0.85273,-0.82264
01/08/2003,1.42813,1.01876,0.82054,0.3055,-1.14956,-1.33337,-0.96923,-1.20168,-0.86193,-0.64124,-0.73869,-0.75531
01/09/2003,0.92728,1.29759,1.13628,1.06353,0.63754,-0.73841,-1.10754,-0.7704,-1.05839,-0.73068,-0.51498,-0.61071
01/10/2003,-0.60745,0.09167,0.54922,0.44603,0.40107,0.08187,-0.90312,-1.19337,-0.88329,-1.15189,-0.83019,-0.61361
01/11/2003,-0.86871,-0.99507,-0.50605,-0.15483,-0.18521,-0.20705,-0.43054,-1.11196,-1.3323,-1.06282,-1.28505,-0.96725
01/12/2003,-0.87567,-1.16489,-1.2413,-0.91224,-0.65264,-0.66863,-0.66425,-0.78869,-1.31964,-1.50765,-1.32304,-1.50171
01/01/2004,0.80066,0.19697,-0.12545,-0.25125,-0.09881,0.03574,0.01381,0.00669,-0.09128,-0.62633,-0.96193,-0.80795
01/02/2004,-0.32142,0.38403,0.03191,-0.22568,-0.33898,-0.19738,-0.08617,-0.10765,-0.10879,-0.19374,-0.64638,-0.96485
01/03/2004,-0.35863,-0.48532,0.12453,-0.12465,-0.33535,-0.43574,-0.30915,-0.2075,-0.22788,-0.23068,-0.30044,-0.68111
01/04/2004,1.33217,0.55369,0.23607,0.4899,0.26134,0.08502,-3.00E-05,0.08949,0.16985,0.15248,0.14968,0.10085
01/05/2004,-1.95179,0.72212,0.17018,-0.05877,0.28157,0.07065,-0.1003,-0.18789,-0.08805,-0.00229,-0.01929,-0.02153
01/06/2004,-0.37611,-2.14427,0.63654,0.1041,-0.10668,0.24419,0.03558,-0.1356,-0.22419,-0.1243,-0.03917,-0.05617
01/07/2004,1.24904,0.44173,-1.25886,0.76743,0.19649,-0.02931,0.29368,0.08261,-0.0868,-0.17394,-0.07789,0.00484
01/08/2004,-0.81789,0.17304,-0.14932,-1.43956,0.64885,0.10001,-0.10163,0.24671,0.03506,-0.13542,-0.22265,-0.12458
01/09/2004,1.31118,0.84785,1.05916,0.79639,-0.29245,1.00601,0.3748,0.14267,0.40707,0.19782,0.0282,-0.05508
01/10/2004,0.36809,1.03903,0.75298,0.9101,0.71332,-0.0868,0.95415,0.38426,0.20091,0.43902,0.2157,0.05284
01/11/2004,-2.45857,-1.7105,-1.07227,-1.1452,-0.91927,-0.9767,-1.36419,-0.31681,-0.48622,-0.53953,-0.08937,-0.26443
01/12/2004,0.24647,-1.3624,-1.07571,-0.62053,-0.6971,-0.56276,-0.63964,-0.99464,-0.25275,-0.41094,-0.4889,-0.0833
01/01/2005,0.22032,0.225,-0.74396,-0.60354,-0.32257,-0.39215,-0.30602,-0.36426,-0.66867,-0.08917,-0.25904,-0.38193
01/02/2005,-1.16002,-0.52505,-0.31633,-1.14636,-1.02934,-0.73233,-0.7921,-0.7146,-0.75582,-1.02897,-0.47939,-0.58146
01/03/2005,0.84791,-0.12327,-0.01294,0.07884,-0.547,-0.48406,-0.29009,-0.34364,-0.28812,-0.33014,-0.54316,-0.12075
01/04/2005,1.82577,1.55758,0.82786,0.63945,0.63682,0.16795,0.20927,0.33361,0.2873,0.32823,0.29502,0.14205
01/05/2005,-0.09896,1.58369,1.41661,0.75067,0.58004,0.58675,0.12489,0.16503,0.29232,0.24745,0.28884,0.25696
01/06/2005,-0.20166,-0.24226,1.52389,1.37568,0.71028,0.54959,0.55809,0.09527,0.13367,0.2618,0.21674,0.258
01/07/2005,-1.37021,-0.99401,-0.72308,1.42167,1.30952,0.63749,0.4946,0.50993,0.0423,0.08086,0.21141,0.16632
01/08/2005,0.34529,-0.49964,-0.56036,-0.54757,1.43885,1.32097,0.64724,0.50622,0.516,0.04889,0.08806,0.2172
01/09/2005,-0.59416,-0.35874,-0.70165,-0.81327,-0.93094,1.29464,1.21609,0.54631,0.43783,0.46611,-0.00439,0.03474
01/10/2005,0.14065,-0.32184,-0.19959,-0.44168,-0.53713,-0.68696,1.1675,1.16872,0.54299,0.43841,0.45328,-0.00897
01/11/2005,0.08966,0.07273,-0.12465,-0.07666,-0.2256,-0.32954,-0.47474,0.99601,1.07775,0.50144,0.423,0.44266
01/12/2005,0.08899,0.05535,0.07084,-0.096,-0.07551,-0.18669,-0.26773,-0.36085,0.77187,0.93869,0.43233,0.37371
01/01/2006,1.24547,0.94735,0.87919,0.85096,0.72925,0.72221,0.65736,0.61506,0.57352,1.16929,1.24085,0.84425
01/02/2006,1.74218,1.62399,1.40971,1.36402,1.33573,1.26221,1.25999,1.22051,1.19715,1.17504,1.51265,1.53544
01/03/2006,0.77065,1.55924,1.53731,1.36728,1.33294,1.32099,1.25986,1.25752,1.2241,1.20747,1.19338,1.469
01/04/2006,0.73105,0.82115,1.5336,1.53589,1.38029,1.35415,1.34786,1.2871,1.28532,1.25452,1.24311,1.23477
01/05/2006,1.27342,1.02679,1.00352,1.61917,1.60296,1.44725,1.42133,1.41374,1.35812,1.35657,1.32754,1.31933
01/06/2006,0.52006,1.23494,1.0519,1.01254,1.61139,1.59746,1.44437,1.41891,1.41269,1.3579,1.3567,1.32745
01/07/2006,-0.69075,-0.00281,1.07668,0.97977,0.96769,1.58896,1.579,1.42571,1.39822,1.39238,1.33683,1.33574
01/08/2006,1.21969,0.67955,0.64678,1.25696,1.14217,1.0692,1.63417,1.61513,1.45849,1.42917,1.42451,1.36963
01/09/2006,-0.54495,0.16136,-0.02988,-0.00109,0.8034,0.97013,0.95699,1.55519,1.56162,1.4113,1.37917,1.37576
01/10/2006,0.88672,0.34408,0.66554,0.50859,0.49882,1.03371,1.09513,1.07291,1.60203,1.60931,1.46366,1.43226
01/11/2006,-0.03754,0.41904,0.20949,0.42072,0.33057,0.31269,0.67204,0.8856,0.95591,1.52701,1.55719,1.41237
01/12/2006,-0.0324,-0.10407,0.21121,0.05153,0.19541,0.13171,0.12025,0.40923,0.61808,0.78393,1.4275,1.50436
01/01/2007,-0.44449,-0.36339,-0.36616,-0.11379,-0.23423,-0.12102,-0.16038,-0.15128,0.07599,0.25848,0.45554,1.06348
01/02/2007,-0.9413,-0.88179,-0.7325,-0.70905,-0.48684,-0.56312,-0.46019,-0.49698,-0.47961,-0.27933,-0.08946,0.15891
01/03/2007,-0.69954,-1.17277,-1.01877,-0.88099,-0.85507,-0.6784,-0.73519,-0.63956,-0.67186,-0.65854,-0.48036,-0.29046
01/04/2007,-0.37187,-0.74799,-1.13815,-1.042,-0.92521,-0.91039,-0.75932,-0.80198,-0.71325,-0.74208,-0.73275,-0.57115
01/05/2007,-0.34538,-0.52127,-0.80059,-1.1849,-1.07952,-0.96547,-0.95249,-0.80709,-0.84954,-0.76267,-0.79088,-0.78344
01/06/2007,0.42876,-0.15839,-0.47603,-0.77372,-1.14721,-1.05137,-0.94002,-0.92779,-0.78801,-0.83155,-0.74764,-0.77521
01/07/2007,0.42014,0.45734,-0.03621,-0.42236,-0.74791,-1.11957,-1.02955,-0.91927,-0.90488,-0.76753,-0.81109,-0.72894
01/08/2007,0.56126,0.58585,0.5332,0.08716,-0.33359,-0.70168,-1.06971,-1.00043,-0.89101,-0.87527,-0.74116,-0.78521
01/09/2007,-1.03452,-0.63151,-0.46348,-0.41234,-0.72218,-0.7707,-0.92885,-1.2347,-1.12902,-1.0137,-0.9846,-0.84993
01/10/2007,1.86763,1.14077,1.12167,1.11013,1.06152,0.77287,0.27117,-0.28164,-0.63914,-0.70161,-0.62759,-0.6211
01/11/2007,0.69904,1.58095,1.13193,1.11912,1.10258,1.07646,0.87012,0.48126,-0.04605,-0.41203,-0.5214,-0.46084
01/12/2007,1.06674,1.11937,1.54253,1.31077,1.2927,1.28333,1.28124,1.17276,0.86952,0.37393,-0.01243,-0.20393
01/01/2008,0.72462,0.96266,1.03171,1.29908,1.16229,1.1627,1.16655,1.16657,1.11965,0.93572,0.59849,0.23921
01/02/2008,0.12824,0.53645,0.81159,0.87792,1.12103,1.00165,1.00811,1.01311,1.01091,0.96603,0.82049,0.57557
01/03/2008,0.2487,0.22116,0.46982,0.72616,0.78955,1.01985,0.91513,0.92174,0.92553,0.92545,0.89211,0.75654
01/04/2008,0.01506,0.07571,0.0895,0.35594,0.63446,0.71152,0.94474,0.84119,0.84932,0.85427,0.85752,0.83027
01/05/2008,1.30231,0.5417,0.38779,0.3413,0.50411,0.74329,0.81681,1.03373,0.93783,0.94578,0.95084,0.95671
01/06/2008,0.90498,1.36359,0.66122,0.4553,0.39686,0.53722,0.76433,0.83431,1.04827,0.954,0.96184,0.9667
01/07/2008,-0.22293,0.56276,1.27834,0.62448,0.42856,0.37468,0.52157,0.75043,0.81906,1.03386,0.93923,0.94715
01/08/2008,-1.43048,-1.1738,-0.3226,0.86095,0.41917,0.28727,0.26691,0.45138,0.69186,0.76141,0.98421,0.88731
01/09/2008,1.08629,0.46139,0.36495,0.51856,1.23712,0.72438,0.49037,0.43548,0.56735,0.78548,0.84322,1.05123
01/10/2008,-0.53666,0.26277,-0.09941,-0.15014,0.00849,0.61848,0.39219,0.28639,0.31876,0.48349,0.70852,0.77553
01/11/2008,0.42504,-0.02179,0.45518,0.19756,0.16564,0.2328,0.61344,0.45925,0.36885,0.37083,0.52452,0.73412
01/12/2008,-1.33323,-0.73265,-0.84494,-0.4865,-0.63331,-0.63948,-0.56035,-0.23467,-0.29936,-0.18939,-0.10343,0.16946
01/01/2009,0.89826,0.1113,0.20637,0.08743,0.23932,0.12415,0.10869,0.15271,0.37566,0.29091,0.28192,0.25892
01/02/2009,1.9289,1.57447,1.13029,1.13203,1.04341,1.10253,1.03674,1.02328,1.04625,1.16951,1.09396,1.03784
01/03/2009,0.15901,1.49343,1.35333,0.98665,0.99582,0.92997,0.98722,0.92796,0.91514,0.93788,1.05592,0.98013
01/04/2009,-1.33963,-0.63606,0.97709,1.01672,0.68273,0.71447,0.6514,0.71916,0.65745,0.64532,0.67217,0.80512
01/05/2009,-0.34733,-1.27715,-0.70029,0.87019,0.94053,0.61426,0.65338,0.58893,0.66238,0.60096,0.58926,0.61811
01/06/2009,2.14426,1.17579,-0.41276,-0.23481,1.10377,1.09965,0.77331,0.80316,0.74135,0.80728,0.74915,0.73781
01/07/2009,1.19202,2.1552,1.31949,-0.23163,-0.14206,1.15057,1.13077,0.80309,0.82964,0.76845,0.83265,0.77534
01/08/2009,-0.95484,0.04554,1.64323,1.00468,-0.42473,-0.25525,1.08692,1.09041,0.76125,0.78697,0.72691,0.79237
01/09/2009,0.04962,-0.32791,0.06271,1.20926,0.79748,-0.44881,-0.26981,1.06413,1.0783,0.76173,0.78226,0.72369
01/10/2009,2.02458,1.75832,1.40843,1.49248,2.02201,1.86836,0.61634,0.39167,1.38258,1.32152,1.00368,1.01848
01/11/2009,0.60478,1.64928,1.46324,1.2641,1.31227,1.71429,1.60895,0.7169,0.51873,1.40631,1.34629,1.03585
01/12/2009,0.09265,0.33582,1.07833,1.02147,0.88242,0.94175,1.26467,1.15478,0.52481,0.42356,1.33011,1.30559
01/01/2010,1.61179,1.2788,1.29965,1.54135,1.51735,1.45697,1.48389,1.64221,1.61241,1.29991,1.16778,1.6385
01/02/2010,0.41696,1.32623,1.14454,1.17276,1.39184,1.36293,1.32192,1.34746,1.47274,1.44274,1.1931,1.11168
01/03/2010,-0.906,-0.25078,0.86774,0.77965,0.82445,1.07861,1.05143,1.00785,1.03439,1.16633,1.13763,0.88228
01/04/2010,-0.41833,-0.89746,-0.46617,0.64783,0.60961,0.67309,0.94157,0.91403,0.87109,0.89932,1.03704,1.01298
01/05/2010,-0.93856,-0.75062,-1.0413,-0.63222,0.51786,0.49812,0.57215,0.85131,0.82765,0.78433,0.81427,0.95868
01/06/2010,0.25747,-0.77045,-0.74304,-1.03074,-0.62144,0.50937,0.48831,0.55999,0.83846,0.81577,0.77227,0.80217
01/07/2010,-1.30756,-0.57679,-1.25854,-0.92808,-1.13165,-0.7082,0.45596,0.44102,0.51357,0.79639,0.77392,0.72995
01/08/2010,-1.23953,-1.64291,-1.12876,-1.60625,-1.20136,-1.26367,-0.81336,0.39256,0.38194,0.45543,0.74647,0.7238
01/09/2010,-0.94561,-1.28274,-1.53675,-1.33866,-1.67656,-1.54236,-1.43824,-0.96794,0.28569,0.29863,0.37265,0.66851
01/10/2010,-0.927,-1.28395,-1.47649,-1.60194,-1.45186,-1.68082,-1.61268,-1.53669,-1.14301,0.14632,0.16119,0.24815
01/11/2010,0.5779,-0.09606,-0.41472,-0.60211,-0.72303,-0.71684,-0.99567,-1.08608,-1.24576,-0.89531,0.23805,0.24655
01/12/2010,0.30957,0.47739,0.11559,-0.13997,-0.28759,-0.38919,-0.41394,-0.64765,-0.82977,-1.06375,-0.79006,0.24955
01/01/2011,1.1576,0.94882,0.99117,0.80396,0.63562,0.53741,0.47212,0.45542,0.3114,0.10356,-0.26061,-0.11763
01/02/2011,0.90742,1.18068,1.06667,1.0947,0.96599,0.84458,0.77523,0.72621,0.71497,0.61256,0.4483,0.15305
01/03/2011,-0.45173,0.40386,0.82901,0.7949,0.83464,0.72723,0.61596,0.55255,0.50503,0.49513,0.40655,0.25926
01/04/2011,0.72273,0.04127,0.53191,0.86783,0.84342,0.88974,0.79481,0.69268,0.63654,0.59508,0.58946,0.51611
01/05/2011,-0.08703,0.50398,-0.03253,0.46142,0.81026,0.79684,0.84929,0.75286,0.65383,0.59847,0.55733,0.55333
01/06/2011,1.63829,0.83295,0.83993,0.20421,0.62114,0.90315,0.87442,0.92091,0.82729,0.73165,0.67781,0.63792
01/07/2011,1.37444,1.75414,1.07621,0.97355,0.30749,0.69102,0.94566,0.90936,0.95191,0.8597,0.76539,0.71244
01/08/2011,0.43021,1.00084,1.55279,1.03357,1.01278,0.33023,0.70622,0.9576,0.91685,0.95649,0.86653,0.77203
01/09/2011,-0.16711,0.03089,0.43167,1.0114,0.71613,0.9225,0.26415,0.66197,0.92933,0.89842,0.9333,0.84511
01/10/2011,-0.31242,-0.41134,-0.25494,0.03599,0.51253,0.29735,0.66098,0.1151,0.58105,0.87512,0.84605,0.88782
01/11/2011,0.26375,-0.03318,-0.06187,-0.00264,0.18856,0.48171,0.30341,0.61641,0.16542,0.57655,0.87146,0.84328
01/12/2011,1.47412,1.31425,1.09551,0.99874,0.97685,1.04782,1.21696,1.14433,1.26538,0.80474,1.03159,1.18723
01/01/2012,0.09578,0.86829,0.84395,0.74842,0.67601,0.67565,0.73829,0.86019,0.82771,0.92593,0.65301,0.84531
01/02/2012,1.16457,0.7483,1.11512,1.0932,1.02628,0.97359,0.97388,1.01424,1.09735,1.07383,1.13333,0.93872
01/03/2012,0.21501,0.91841,0.631,0.98538,0.97277,0.9267,0.8824,0.88367,0.91914,0.99627,0.98096,1.0267
01/04/2012,-0.1,-0.00665,0.67705,0.48136,0.87157,0.87348,0.83369,0.79057,0.79365,0.83006,0.90974,0.89991
01/05/2012,-0.60389,-0.38175,-0.1735,0.53944,0.37559,0.79093,0.79945,0.75856,0.71904,0.72352,0.76153,0.84492
01/06/2012,1.93772,0.85534,0.23716,0.17081,0.75796,0.54139,0.90456,0.90795,0.86781,0.82945,0.83297,0.86864
01/07/2012,1.32819,1.99521,1.08279,0.40753,0.26998,0.82095,0.58923,0.93708,0.93748,0.89762,0.85942,0.86272
01/08/2012,0.7081,1.14571,1.86428,1.11201,0.51123,0.32543,0.85464,0.62094,0.9561,0.95353,0.91575,0.87713
01/09/2012,1.01271,1.05507,1.24954,1.87441,1.44083,0.77912,0.50831,0.96525,0.718,1.02566,1.01671,0.98082
01/10/2012,-0.3648,0.32669,0.47658,0.68076,1.23834,0.88365,0.50236,0.34277,0.87444,0.65609,0.97305,0.96926
01/11/2012,-1.11316,-1.05263,-0.5215,-0.36638,-0.15706,0.31347,0.0026,-0.08399,-0.04382,0.57143,0.43483,0.79752
01/12/2012,-0.32771,-0.92618,-0.95456,-0.61393,-0.50839,-0.37037,-0.03035,-0.22301,-0.33689,-0.23515,0.37929,0.28869
01/01/2013,-1.13141,-0.96746,-1.30889,-1.33772,-1.03692,-0.94679,-0.84397,-0.56281,-0.71437,-0.76355,-0.62751,-0.088
01/02/2013,-1.1163,-1.4536,-1.35419,-1.6288,-1.67523,-1.35819,-1.27584,-1.18228,-0.91739,-1.05188,-1.06981,-0.92034
01/03/2013,0.90937,-0.03909,-0.57483,-0.59364,-0.85781,-0.92408,-0.74171,-0.69309,-0.62519,-0.4288,-0.53077,-0.5682
01/04/2013,-0.59733,0.31476,-0.36105,-0.73905,-0.7349,-0.97013,-1.03935,-0.86154,-0.8147,-0.75081,-0.56895,-0.67135
01/05/2013,-1.13741,-0.95547,0.04445,-0.55726,-0.87497,-0.86177,-1.08621,-1.15311,-0.9794,-0.93213,-0.8693,-0.69128
01/06/2013,-0.20627,-1.2265,-1.03926,-0.00711,-0.58696,-0.89124,-0.87673,-1.09462,-1.16049,-0.99294,-0.94702,-0.88561
01/07/2013,-0.24851,-0.33773,-1.26126,-1.07531,-0.03775,-0.60922,-0.90235,-0.88578,-1.09705,-1.16175,-0.99649,-0.95129
01/08/2013,1.38058,1.00992,0.58357,-0.33304,-0.74044,0.12714,-0.45537,-0.7937,-0.78501,-0.99469,-1.061,-0.9021
01/09/2013,1.21699,1.46606,1.31705,1.11893,0.36216,-0.22926,0.37415,-0.20989,-0.60482,-0.60784,-0.81895,-0.88387
01/10/2013,-0.75427,0.21483,0.62699,0.53757,0.37069,-0.20569,-0.54846,0.12145,-0.36366,-0.72606,-0.73072,-0.9343
01/11/2013,-0.83898,-1.04288,-0.40404,-0.07801,-0.09985,-0.21225,-0.60492,-0.82955,-0.16305,-0.58585,-0.87773,-0.86538
01/12/2013,0.92351,0.30752,0.00951,0.32934,0.48035,0.4434,0.35397,0.07559,-0.26403,0.19287,-0.2409,-0.59391
01/01/2014,-0.64782,0.10682,-0.20443,-0.36144,-0.13283,-0.00311,-0.01931,-0.06809,-0.267,-0.50753,-0.09976,-0.49086
01/02/2014,1.21399,0.45555,0.69917,0.47597,0.3469,0.47209,0.54657,0.53022,0.49608,0.36462,0.15721,0.41771
01/03/2014,0.71,1.18065,0.58912,0.76762,0.5914,0.49365,0.59051,0.65141,0.63617,0.60867,0.51259,0.33298
01/04/2014,-0.34576,0.25338,0.86898,0.38459,0.61005,0.45148,0.35875,0.45988,0.52307,0.5098,0.48537,0.39434
01/05/2014,-0.17408,-0.4396,0.14664,0.78214,0.31886,0.55372,0.40095,0.30735,0.41272,0.47766,0.46488,0.44182
01/06/2014,-0.17229,-0.30026,-0.51155,0.09771,0.74337,0.29054,0.52607,0.37169,0.27692,0.38349,0.44854,0.43555
01/07/2014,0.71358,0.22271,-0.05803,-0.41145,0.14002,0.76926,0.31232,0.54166,0.38726,0.29332,0.39799,0.46202
01/08/2014,-0.10481,0.27222,0.01474,-0.18893,-0.46135,0.10788,0.74758,0.30033,0.52788,0.37114,0.27853,0.38324
01/09/2014,-0.5858,-0.54732,-0.29589,-0.46545,-0.68206,-0.72275,-0.04219,0.64904,0.23119,0.47877,0.31938,0.22664
01/10/2014,-0.78437,-0.98965,-0.94153,-0.76187,-0.81275,-0.95221,-0.95448,-0.28678,0.49245,0.10987,0.36444,0.20885
01/11/2014,0.67657,0.05726,-0.1357,-0.16685,-0.06623,-0.17597,-0.35496,-0.50147,-0.05847,0.59116,0.22445,0.45166
01/12/2014,-0.63229,-0.11643,-0.38718,-0.52946,-0.53579,-0.46427,-0.52908,-0.62653,-0.78535,-0.35141,0.3155,0.00568
01/01/2015,-1.03312,-1.07656,-0.69876,-0.85203,-0.93,-0.92326,-0.87162,-0.90501,-1.00141,-1.10479,-0.69569,-0.1183
01/02/2015,-0.99587,-1.30741,-1.37834,-1.02532,-1.17362,-1.20719,-1.20267,-1.15627,-1.17641,-1.25834,-1.3328,-0.94512
01/03/2015,0.51914,-0.30752,-0.7245,-0.83116,-0.62294,-0.75822,-0.81617,-0.82255,-0.78893,-0.81742,-0.88734,-0.95816
01/04/2015,-0.4887,0.03388,-0.53845,-0.83445,-0.91382,-0.73145,-0.86155,-0.90365,-0.90807,-0.8768,-0.90683,-0.98147
01/05/2015,-2.64842,-1.24116,-0.42374,-0.89788,-1.08773,-1.14909,-0.9649,-1.09371,-1.12687,-1.12801,-1.0964,-1.12752
01/06/2015,1.02988,-1.47341,-1.02428,-0.31216,-0.78853,-1.00428,-1.06674,-0.89036,-1.01546,-1.0532,-1.05575,-1.02552
01/07/2015,0.42326,0.92624,-1.18516,-0.96142,-0.29039,-0.76534,-0.98285,-1.04415,-0.86795,-0.99083,-1.02883,-1.0318
01/08/2015,-3.67946,-2.08712,-0.85519,-2.43726,-1.61499,-0.62069,-1.02897,-1.17996,-1.22746,-1.03839,-1.1657,-1.19372
01/09/2015,-1.25776,-2.27299,-1.99982,-1.39108,-2.14597,-2.02804,-0.89969,-1.23581,-1.33847,-1.39019,-1.17736,-1.30881
01/10/2015,-4.24302,-3.31568,-3.966,-3.60059,-2.89769,-2.97669,-3.01018,-1.79297,-2.14299,-2.03355,-2.04991,-1.81173
01/11/2015,-0.29164,-2.21825,-2.61587,-2.88586,-2.76649,-2.30797,-2.39377,-2.48799,-1.71514,-1.9977,-1.98165,-2.01056
01/12/2015,-2.93958,-2.06041,-3.20007,-3.27445,-3.30801,-3.17353,-2.76355,-2.88852,-2.74373,-2.26266,-2.62695,-2.56065
01/01/2016,0.69732,-0.76766,-0.8135,-1.94091,-2.01122,-2.20021,-2.16019,-2.01272,-2.43307,-2.41302,-1.87903,-2.08554
01/02/2016,-0.59465,0.1701,-0.88654,-0.92595,-1.93655,-2.01238,-2.21286,-2.16711,-2.0336,-2.42201,-2.42707,-2.01334
01/03/2016,0.32195,-0.20042,0.21424,-0.57692,-0.63649,-1.43259,-1.54312,-1.72403,-1.68936,-1.60289,-1.94801,-1.95342
01/04/2016,0.98477,0.67878,0.21337,0.42157,-0.23833,-0.30358,-0.97449,-1.09349,-1.26036,-1.23918,-1.18164,-1.48213
01/05/2016,0.70298,0.98673,0.72235,0.295,0.45987,-0.17726,-0.2381,-0.87505,-0.9985,-1.16043,-1.14192,-1.09117
01/06/2016,-2.75732,-0.07818,0.72773,0.54095,0.13909,0.35149,-0.28512,-0.34482,-0.97824,-1.09554,-1.25214,-1.23318
01/07/2016,0.84609,-0.89325,0.17649,0.80189,0.5886,0.18077,0.37863,-0.25293,-0.31216,-0.93401,-1.05101,-1.20546
01/08/2016,-1.77921,-0.74416,-1.59708,-0.53242,0.57089,0.42701,0.04592,0.28986,-0.34807,-0.40465,-1.03122,-1.14239
01/09/2016,-0.07728,-0.72859,-0.4153,-1.05312,-0.64157,0.48508,0.3785,0.0248,0.27552,-0.34808,-0.40358,-1.03073
01/10/2016,-0.9116,-0.78901,-1.13513,-0.91629,-1.25981,-0.98273,0.03029,0.08968,-0.16131,0.13797,-0.49524,-0.54284
01/11/2016,-2.08634,-1.9563,-1.93637,-2.06633,-1.89561,-1.96945,-1.66227,-0.94927,-0.61396,-0.77089,-0.31729,-0.91093
01/12/2016,-1.84138,-2.48845,-2.47213,-2.33628,-2.34816,-2.21756,-2.2221,-2.03935,-1.51301,-1.18118,-1.32992,-0.81247
01/01/2017,1.26141,0.32721,-0.45527,-0.64475,-0.6492,-0.77883,-0.71887,-0.88357,-0.81022,-0.40585,-0.28333,-0.49467
01/02/2017,0.6843,1.15684,0.56796,0.00982,-0.15598,-0.18184,-0.30333,-0.26258,-0.39973,-0.3325,-0.03978,0.03909
01/03/2017,-1.2408,-0.20523,0.60121,0.10409,-0.40731,-0.55842,-0.56158,-0.663,-0.62481,-0.74828,-0.69042,-0.38786
01/04/2017,0.39216,-0.64263,-0.09217,0.57361,0.14175,-0.30507,-0.44255,-0.44692,-0.53855,-0.50488,-0.6201,-0.5674
01/05/2017,-1.75125,-0.25366,-0.93821,-0.36831,0.38242,-0.03998,-0.48261,-0.62043,-0.6183,-0.70678,-0.67258,-0.78791
01/06/2017,-2.33147,-3.18,-0.58827,-1.12099,-0.51793,0.28132,-0.13757,-0.57946,-0.71785,-0.71253,-0.79895,-0.76473
01/07/2017,-1.21348,-2.15783,-4.03378,-0.75924,-1.21308,-0.59923,0.2283,-0.18756,-0.62602,-0.76349,-0.75598,-0.84095
01/08/2017,-0.3215,-0.9478,-1.64655,-2.64596,-0.85961,-1.26025,-0.63367,0.20488,-0.2138,-0.65062,-0.78915,-0.78011
01/09/2017,-1.61984,-1.55006,-1.75772,-1.9902,-2.36092,-1.50546,-1.5738,-0.91709,0.01303,-0.38972,-0.82831,-0.97127
01/10/2017,0.84184,-0.35308,-0.40673,-0.60808,-0.97019,-1.48806,-0.9211,-1.26277,-0.69288,0.13426,-0.27976,-0.70533
01/11/2017,-0.60017,-0.01146,-0.61027,-0.64232,-0.75036,-1.0028,-1.35644,-1.01823,-1.32074,-0.82023,0.00197,-0.38248
01/12/2017,-0.09107,-0.45552,-0.09916,-0.53004,-0.56053,-0.64678,-0.84307,-1.15453,-0.95777,-1.27036,-0.86477,-0.08597
01/01/2018,-0.97324,-0.73194,-0.89744,-0.60691,-0.90215,-0.91447,-0.98289,-1.12736,-1.43515,-1.23407,-1.51329,-1.13339
01/02/2018,-0.28808,-0.79455,-0.68851,-0.84172,-0.62146,-0.86424,-0.8873,-0.95004,-1.07604,-1.34089,-1.17144,-1.5041
01/03/2018,0.04289,-0.19392,-0.61929,-0.55139,-0.68699,-0.52634,-0.73404,-0.75513,-0.80938,-0.92243,-1.15404,-1.00046
01/04/2018,1.31152,0.74977,0.4161,-0.09008,-0.07869,-0.20759,-0.08244,-0.27009,-0.29442,-0.34309,-0.44693,-0.63813
01/05/2018,-0.91758,0.88943,0.50359,0.23952,-0.22384,-0.19996,-0.32039,-0.19614,-0.37887,-0.40113,-0.44903,-0.55258
01/06/2018,-0.96396,-1.39109,0.74927,0.3991,0.15599,-0.28437,-0.25682,-0.3766,-0.2551,-0.43487,-0.45675,-0.50394
01/07/2018,-0.86909,-1.19749,-1.69197,0.6518,0.32994,0.09779,-0.32612,-0.29403,-0.41135,-0.29073,-0.46804,-0.48948
01/08/2018,1.08567,0.46629,-0.14843,-0.813,0.81627,0.43484,0.19092,-0.25202,-0.23081,-0.34896,-0.23059,-0.40767
01/09/2018,1.19291,1.32873,1.08042,0.69927,0.0112,1.11036,0.65495,0.3865,-0.08405,-0.07226,-0.1929,-0.07983
01/10/2018,-1.97645,-0.71973,-0.30356,-0.45204,-0.67297,-1.06075,0.31417,0.1199,-0.00012,-0.39202,-0.36441,-0.47439
01/11/2018,-1.00976,-1.70097,-1.12549,-0.83552,-0.89536,-1.01841,-1.23643,-0.20442,-0.2178,-0.29067,-0.59535,-0.54349
01/12/2018,-1.71655,-1.77468,-2.20787,-1.74401,-1.50194,-1.52749,-1.55379,-1.68625,-0.96194,-0.82254,-0.86148,-1.05291
01/01/2019,-1.62661,-2.07529,-2.21838,-2.76153,-2.12546,-1.92255,-1.96634,-2.00502,-2.23316,-1.4844,-1.30017,-1.31986
01/02/2019,-0.67937,-1.45279,-2.05136,-2.21327,-2.75598,-2.16634,-1.98588,-2.02282,-2.06534,-2.26649,-1.55875,-1.43153
01/03/2019,-1.60468,-1.57781,-1.84051,-2.32497,-2.43215,-2.97895,-2.43474,-2.26966,-2.28866,-2.32208,-2.57428,-1.84508
01/04/2019,-0.14777,-1.16545,-1.32673,-1.61274,-2.00441,-2.17599,-2.60644,-2.21708,-2.09485,-2.1209,-2.17274,-2.42208
01/05/2019,-5,-1.28975,-1.68812,-1.80117,-1.93102,-2.29627,-2.47448,-2.90043,-2.50718,-2.38395,-2.40859,-2.46512
01/06/2019,-1.49654,-5,-1.56753,-1.80345,-1.89134,-1.98599,-2.33068,-2.48629,-2.87991,-2.51376,-2.39453,-2.41601
01/07/2019,-1.48253,-1.92154,-5,-1.77662,-1.8979,-1.96893,-2.03683,-2.37522,-2.51336,-2.89538,-2.53486,-2.41712
01/08/2019,-2.07156,-2.28106,-2.36715,-5,-2.24603,-2.07852,-2.13021,-2.17341,-2.50137,-2.6139,-3.01993,-2.63645
01/09/2019,-1.18065,-1.76645,-2.0308,-2.06675,-2.85798,-2.53704,-2.23158,-2.29874,-2.32597,-2.7456,-2.81275,-3.27449
01/10/2019,-1.69354,-1.89268,-2.21514,-2.29676,-2.25541,-2.71558,-2.52999,-2.31449,-2.62386,-2.58614,-2.9269,-3.02416
01/11/2019,-2.11609,-2.26865,-2.64597,-2.75337,-2.83021,-2.61845,-2.72189,-2.74261,-2.60552,-2.90448,-2.92823,-3.35161
01/12/2019,0.94913,-0.42255,-0.97158,-1.22546,-1.37326,-1.44993,-1.5171,-1.96217,-1.86918,-2.08228,-2.31255,-2.43903
01/01/2020,-0.40602,0.25433,-0.55024,-0.93807,-1.11981,-1.25329,-1.33726,-1.43363,-1.97816,-1.90959,-2.17123,-2.25772
01/02/2020,0.53688,0.08077,0.45227,-0.1388,-0.45973,-0.63456,-0.7737,-0.85088,-0.94625,-1.41233,-1.41447,-1.8482
01/03/2020,-0.22216,0.2303,-0.07525,0.28137,-0.21722,-0.49049,-0.63794,-0.75393,-0.82025,-0.90657,-1.31489,-1.29755
01/04/2020,-0.6549,-0.58317,-0.15006,-0.31758,0.06528,-0.39619,-0.6562,-0.77969,-0.88382,-0.94385,-1.02731,-1.42003
01/05/2020,-0.65906,-0.85375,-0.71078,-0.28674,-0.42116,-0.03441,-0.48417,-0.7386,-0.85787,-0.9583,-1.01681,-1.10064
01/06/2020,-0.33755,-0.83668,-0.95856,-0.76595,-0.32973,-0.45119,-0.0673,-0.51278,-0.76388,-0.88056,-0.97852,-1.03521
01/07/2020,-0.21119,-0.40544,-0.88326,-0.99007,-0.78982,-0.3514,-0.46439,-0.08072,-0.52176,-0.76988,-0.88441,-0.98091
01/08/2020,1.41746,1.05924,0.57766,-0.06354,-0.64154,-0.60405,-0.19763,-0.35351,0.00836,-0.42628,-0.67061,-0.78767
01/09/2020,-0.38256,0.41613,0.3254,0.05235,-0.47517,-0.81646,-0.69935,-0.2645,-0.39958,-0.02373,-0.45831,-0.70383
01/10/2020,-2.00047,-1.69912,-1.1251,-1.10409,-1.13629,-1.36507,-1.46629,-1.156,-0.68268,-0.7199,-0.31706,-0.75069
01/11/2020,1.30101,-0.00076,-0.11288,0.19373,0.16326,0.02303,-0.2894,-0.59349,-0.62196,-0.24857,-0.38011,-0.03827
01/12/2020,1.39396,1.62637,1.03604,0.90003,1.00871,0.96705,0.88569,0.70437,0.30279,0.08673,0.31303,0.07476
01/01/2021,1.92019,1.90641,1.99323,1.74397,1.7007,1.74185,1.72361,1.70789,1.66143,1.46134,1.23825,1.22797
01/02/2021,1.00239,1.74899,1.76569,1.84817,1.68318,1.64009,1.68148,1.67226,1.65523,1.61633,1.46741,1.30856
01/03/2021,1.29396,1.36558,1.77689,1.78048,1.85459,1.72669,1.69351,1.72575,1.72028,1.71198,1.67844,1.5443
01/04/2021,-2.00915,0.13549,0.65531,1.43783,1.53234,1.62347,1.48835,1.44291,1.47866,1.47094,1.46085,1.42845
01/05/2021,-0.71404,-1.899,-0.05944,0.50477,1.35245,1.47619,1.57264,1.43296,1.38881,1.42613,1.41846,1.40898
01/06/2021,-0.74833,-1.08312,-2.09515,-0.1547,0.43419,1.30945,1.44365,1.54373,1.40279,1.35882,1.39754,1.38965
01/07/2021,1.14854,0.18927,-0.51211,-1.88293,-0.06788,0.49211,1.33591,1.4619,1.55835,1.41878,1.37505,1.41346
01/08/2021,0.87786,1.16517,0.53452,-0.13161,-1.73416,0.01537,0.55006,1.36229,1.4806,1.57403,1.43725,1.39366
01/09/2021,-0.89932,-0.34028,0.03611,-0.31991,-0.812,-1.99131,-0.1997,0.40467,1.28246,1.4152,1.50663,1.37055
01/10/2021,1.76441,1.08143,1.15051,1.24978,1.0147,0.59885,-0.75258,0.3256,0.774,1.45558,1.55452,1.63697
01/11/2021,-0.34116,0.88542,0.51647,0.61348,0.71536,0.53387,0.19918,-0.78336,0.17479,0.63383,1.37016,1.47693
01/12/2021,1.12897,0.74457,1.23399,1.00761,1.0339,1.08255,0.98119,0.79778,-0.07456,0.59601,0.92176,1.52981
01/01/2022,0.87881,1.08826,0.9255,1.19207,1.05905,1.08141,1.11743,1.065,0.98159,0.43088,0.83027,1.02319
01/02/2022,-0.16107,0.51885,0.82495,0.70363,0.95661,0.83886,0.86405,0.89723,0.84979,0.77135,0.3126,0.69646
01/03/2022,1.42886,0.92197,0.9683,1.11033,1.02147,1.20148,1.11591,1.13426,1.1576,1.12615,1.07682,0.72599
01/04/2022,0.14092,1.08468,0.75652,0.86275,1.0354,0.95993,1.14439,1.05812,1.07719,1.10083,1.07338,1.03046
01/05/2022,1.64351,0.85903,1.34661,1.02868,1.04067,1.17281,1.10291,1.26943,1.1917,1.20939,1.23163,1.20956
01/06/2022,2.47391,2.21896,1.50989,1.69239,1.33459,1.25767,1.33996,1.27243,1.42149,1.35082,1.36691,1.38729
01/07/2022,-2.30082,1.98232,2.02419,1.34035,1.60066,1.2476,1.19223,1.28709,1.21653,1.37128,1.29845,1.3152
01/08/2022,0.20352,-1.1799,1.7154,1.98974,1.34488,1.60363,1.2409,1.19236,1.28524,1.21271,1.36927,1.29602
01/09/2022,-1.46197,-1.18908,-1.73409,0.43917,1.5422,0.9791,1.4037,1.05461,1.06369,1.18405,1.10741,1.27046
01/10/2022,-4.7943,-3.61473,-3.63522,-3.69234,-2.20172,-1.24838,-0.88722,0.37639,0.26257,0.52023,0.75659,0.67921
01/11/2022,-0.29339,-2.38386,-2.87152,-2.66948,-2.83626,-1.75837,-1.05748,-0.86898,0.23562,0.14442,0.43749,0.68425
01/12/2022,-0.64492,-0.68575,-2.21737,-2.428,-2.25009,-2.35009,-1.64244,-1.15515,-1.06258,-0.09198,-0.13659,0.22175
01/01/2023,-1.0345,-1.08445,-1.08843,-2.39114,-2.42711,-2.30238,-2.44396,-1.84123,-1.46307,-1.35414,-0.47224,-0.52089
01/02/2023,-1.03075,-1.33208,-1.40609,-1.3857,-2.64076,-2.66701,-2.54027,-2.67401,-2.06583,-1.69299,-1.57577,-0.74218
01/03/2023,-0.72233,-1.25589,-1.35952,-1.42296,-1.41317,-2.44326,-2.49776,-2.41622,-2.51422,-2.02228,-1.73777,-1.59568
01/04/2023,-1.1852,-1.15338,-1.50502,-1.53779,-1.59986,-1.61028,-2.52654,-2.55838,-2.4949,-2.58895,-2.16691,-1.94294
01/05/2023,0.01572,-1.02156,-1.08944,-1.47069,-1.50003,-1.55204,-1.57593,-2.4115,-2.46926,-2.41936,-2.51023,-2.12794
01/06/2023,-0.4361,-0.22655,-1.1451,-1.14565,-1.50213,-1.51711,-1.56192,-1.58004,-2.37365,-2.43316,-2.38495,-2.46892
01/07/2023,-0.58864,-0.68825,-0.42943,-1.22789,-1.19183,-1.53284,-1.53549,-1.57695,-1.58769,-2.36151,-2.4186,-2.37142
01/08/2023,-1.75001,-1.585,-1.44814,-1.11124,-1.60458,-1.36641,-1.67194,-1.64883,-1.67909,-1.67629,-2.45962,-2.50399
01/09/2023,0.88483,0.16688,0.00066,-0.27553,-0.42007,-1.16262,-1.1505,-1.46783,-1.51142,-1.56444,-1.55356,-2.34487
01/10/2023,-2.39585,-1.26784,-1.56584,-1.57185,-1.54548,-1.50649,-1.85474,-1.61059,-1.95795,-1.89475,-1.91779,-1.9014
01/11/2023,-2.42585,-2.71623,-2.47315,-2.5557,-2.54226,-2.32302,-2.09564,-2.40709,-2.1173,-2.45069,-2.36032,-2.40105
01/12/2023,0.01269,-1.52576,-2.14374,-1.78169,-1.84763,-1.8406,-1.79152,-1.76896,-1.9811,-1.94389,-2.27623,-2.25349
01/01/2024,0.38452,0.22885,-0.72369,-1.31238,-1.04565,-1.15934,-1.1892,-1.23075,-1.30219,-1.6263,-1.67724,-1.90973
01/02/2024,-1.23251,-0.43139,-0.34618,-1.16449,-1.7139,-1.419,-1.5214,-1.54671,-1.57332,-1.63152,-1.91199,-2.03274
01/03/2024,-1.57251,-2.00236,-1.03018,-0.87365,-1.54489,-2.05351,-1.76677,-1.84708,-1.8602,-1.88031,-1.97261,-2.15033
